STA_LOC,RENT_NM,STAT_DATA,RENT_CNT,RTN_CNT,START_INDEX,END_INDEX,RNUM
마포구,108. 서교동 사거리,2024-01-01,32,30,0,0,1
양천구,729. 서부식자재마트 건너편,2024-01-01,23,25,0,0,2
양천구,731. 서울시 도로환경관리센터,2024-01-01,50,51,0,0,3
양천구,732. 신월중학교,2024-01-01,26,33,0,0,4
양천구,733. 신정이펜하우스314동,2024-01-01,7,3,0,0,5
양천구,734. 신트리공원 입구,2024-01-01,62,61,0,0,6
양천구,735. 영도초등학교,2024-01-01,42,69,0,0,7
양천구,736. 오솔길공원,2024-01-01,22,18,0,0,8
양천구,737. 장수공원,2024-01-01,13,13,0,0,9
양천구,739. 신월사거리,2024-01-01,16,14,0,0,10
양천구,740. 으뜸공원,2024-01-01,17,13,0,0,11
양천구,741. 화곡로 입구 교차로,2024-01-01,6,8,0,0,12
양천구,742. 등촌역 5번 출구 뒤,2024-01-01,11,14,0,0,13
양천구,743. 현대6차아파트 101동 옆,2024-01-01,18,13,0,0,14
양천구,744. 신목동역 2번 출구,2024-01-01,28,37,0,0,15
양천구,745. 강서초등학교,2024-01-01,7,7,0,0,16
양천구,746. 목동2단지 상가,2024-01-01,66,64,0,0,17
양천구,747. 목동3단지 상가,2024-01-01,43,38,0,0,18
양천구,748. 목동운동장,2024-01-01,14,12,0,0,19
광진구,505. 자양사거리 광진아크로텔 앞,2024-01-01,25,25,0,0,20
은평구,934. 신사동 성당,2024-01-01,5,4,0,0,21
은평구,937. 상림마을 롯데캐슬2단지 옆,2024-01-01,5,6,0,0,22
은평구,938. 금암 문화공원,2024-01-01,5,5,0,0,23
은평구,939. 은평구청 교차로,2024-01-01,10,6,0,0,24
은평구,941. 은평뉴타운 도서관,2024-01-01,8,6,0,0,25
은평구,942. 상림마을 생태공원,2024-01-01,3,2,0,0,26
은평구,943. 은평구청 보건소,2024-01-01,20,22,0,0,27
성동구,506. 금호 어울림 아파트 앞,2024-01-01,13,11,0,0,28
은평구,945. 기자촌 사거리 A,2024-01-01,1,0,0,0,29
은평구,946. 독바위역 ,2024-01-01,8,6,0,0,30
은평구,947. 연신내 선일하이츠빌 정류소,2024-01-01,6,5,0,0,31
은평구,948. 디지털미디어 시티역 4번출구(DMC역),2024-01-01,11,9,0,0,32
은평구,949. 연신내역 1번 출구 ,2024-01-01,24,23,0,0,33
은평구,950. 구산역 2번 출구 예일여고 버스정류장,2024-01-01,19,26,0,0,34
은평구,952. 서울연신중학교,2024-01-01,6,4,0,0,35
은평구,953. 서울연신초등학교,2024-01-01,2,2,0,0,36
강동구,1023. 한국종합기술사옥 앞,2024-01-01,6,11,0,0,37
강동구,1024.  강동구청 앞,2024-01-01,49,47,0,0,38
강동구,1025. 상일초등학교,2024-01-01,12,9,0,0,39
강동구,1027. 프라자 아파트 앞,2024-01-01,10,15,0,0,40
강동구,1028. 포레스 주상복합 빌딩,2024-01-01,23,27,0,0,41
강동구,1029. 성내어울터,2024-01-01,51,55,0,0,42
강동구,1030. 미호 플랜트 앞,2024-01-01,13,13,0,0,43
강동구,1031. 올림픽로 836(아리수로),2024-01-01,5,8,0,0,44
성동구,508. 성수아카데미타워 앞,2024-01-01,24,15,0,0,45
강동구,1033. 고덕동 아남아파트,2024-01-01,12,8,0,0,46
강동구,1034. 고덕동 래미안 힐스테이트,2024-01-01,1,0,0,0,47
강동구,1036. 고덕동 주양쇼핑,2024-01-01,9,11,0,0,48
강동구,1037. 강일리버파크 6단지,2024-01-01,3,4,0,0,49
강동구,1038. 강일 다솜 어린이 공원,2024-01-01,7,3,0,0,50
강동구,1039. 고덕초등학교,2024-01-01,0,1,0,0,51
강동구,1041. 묘곡초등학교,2024-01-01,3,6,0,0,52
강동구,1042. 강일리버파크 2~5단지,2024-01-01,9,7,0,0,53
강동구,1044. 굽은다리역,2024-01-01,75,70,0,0,54
강서구,1150. 송정역 1번출구,2024-01-01,43,51,0,0,55
강서구,1151. 마곡역1번출구,2024-01-01,33,30,0,0,56
강서구,1152. 마곡역교차로,2024-01-01,48,41,0,0,57
강서구,"1153. 발산역 1번, 9번 인근 대여소",2024-01-01,128,130,0,0,58
강서구,1155. 기쁜우리복지관,2024-01-01,38,47,0,0,59
강서구,1157. 강서구청,2024-01-01,33,54,0,0,60
성동구,510. 뚝도아리수정수센터 버스정류소 옆,2024-01-01,10,13,0,0,61
송파구,1251. 석촌역 2번출구,2024-01-01,62,54,0,0,62
송파구,1253. 오금역 3번 출구 뒤,2024-01-01,8,8,0,0,63
송파구,1256. 문정현대아파트 교차로,2024-01-01,10,10,0,0,64
송파구,1257. 가락시장역 사거리,2024-01-01,7,7,0,0,65
송파구,1258. 가락미륭아파트 앞,2024-01-01,4,5,0,0,66
송파구,1259. 방이역 1번출구,2024-01-01,21,21,0,0,67
송파구,1260. 방이동 한양3차아파트 옆,2024-01-01,24,21,0,0,68
성동구,511. 서울숲역 5번 출구 옆,2024-01-01,17,12,0,0,69
송파구,1262. 송파여성문화회관 앞,2024-01-01,57,45,0,0,70
송파구,1263. 장지공영차고지,2024-01-01,2,2,0,0,71
송파구,1264. 천호역 10번 출구 앞,2024-01-01,42,45,0,0,72
송파구,1265. 문정동 근린공원,2024-01-01,19,7,0,0,73
송파구,1266. 문정동 글샘 공원,2024-01-01,9,13,0,0,74
송파구,1267. 올림픽공원 남2문 앞,2024-01-01,15,11,0,0,75
송파구,1268. 몽촌토성역 1번출구 옆,2024-01-01,48,45,0,0,76
송파구,1269. 리센츠아파트 ,2024-01-01,30,24,0,0,77
송파구,1271. 송파도서관,2024-01-01,2,2,0,0,78
성동구,512. 뚝섬역 1번 출구 옆,2024-01-01,29,28,0,0,79
송파구,1274. 영파여고 앞,2024-01-01,19,14,0,0,80
중랑구,1442. 중랑구청 중화동 별관 앞,2024-01-01,35,34,0,0,81
중랑구,1444. 면목4치안센터,2024-01-01,18,14,0,0,82
중랑구,1445. 용마지구대 A,2024-01-01,9,10,0,0,83
중랑구,1446. 중랑전화국 교차로,2024-01-01,23,23,0,0,84
중랑구,1447. 면목역 3번출구,2024-01-01,39,37,0,0,85
중랑구,1448. 코스트코 상봉점,2024-01-01,29,30,0,0,86
마포구,109. 제일빌딩 앞,2024-01-01,17,16,0,0,87
마포구,400. 상암한화오벨리스크 1차 앞,2024-01-01,18,25,0,0,88
강북구,1526. 강북종합시장 앞,2024-01-01,13,17,0,0,89
강북구,1527. 미아역 1번 출구 뒤,2024-01-01,14,14,0,0,90
강북구,1528. 삼각산동 주민센터,2024-01-01,7,3,0,0,91
강북구,1529. 미아동 한국전력공사,2024-01-01,20,17,0,0,92
강북구,1530. 광산사거리,2024-01-01,38,37,0,0,93
강북구,1531. 미아사거리 1번 출구,2024-01-01,39,38,0,0,94
강북구,1532. 번3동 주민센터 교차로,2024-01-01,7,7,0,0,95
강북구,"1533. 번동 주공3, 4단지 교차로",2024-01-01,8,9,0,0,96
강북구,1535. 효성인텔리안 앞,2024-01-01,24,42,0,0,97
성동구,513. 뚝섬역 5번 출구 정류소 옆,2024-01-01,28,15,0,0,98
강북구,1536. 번동 두산위브 101동 옆,2024-01-01,10,6,0,0,99
노원구,1643. 태릉입구역 8번출구,2024-01-01,27,26,0,0,100
노원구,1646. 삼육대 입구,2024-01-01,0,4,0,0,101
노원구,1650. 중계근린공원내,2024-01-01,52,71,0,0,102
노원구,1651. 상계동 우방유쉘아파트 앞,2024-01-01,14,13,0,0,103
성동구,514. 성수사거리 버스정류장 앞,2024-01-01,43,33,0,0,104
노원구,1652. 파르코 앞,2024-01-01,6,6,0,0,105
노원구,1653. 노원역1번출구,2024-01-01,73,73,0,0,106
노원구,1654. 당고개입구 오거리,2024-01-01,2,3,0,0,107
노원구,1655. 공릉1단지아파트,2024-01-01,31,38,0,0,108
노원구,1656. 중앙하이츠 아파트 입구,2024-01-01,29,22,0,0,109
노원구,1657. 노원구청 ,2024-01-01,12,15,0,0,110
노원구,1659. 중계동 을지중학교,2024-01-01,17,10,0,0,111
노원구,1660. 서울시립과학관,2024-01-01,3,2,0,0,112
도봉구,1713. 쌍문동 이안아파트 앞,2024-01-01,14,1,0,0,113
광진구,515. 광양중학교 앞,2024-01-01,8,10,0,0,114
도봉구,1714. 도봉문화정보도서관 삼거리,2024-01-01,4,1,0,0,115
도봉구,1715. 서울특별시교육청도봉도서관,2024-01-01,8,6,0,0,116
도봉구,1716. 창동역 1번출구 건너편,2024-01-01,13,16,0,0,117
도봉구,1717. 시립창동운동장 입구,2024-01-01,3,1,0,0,118
도봉구,1719. 신도봉사거리 버스정류장,2024-01-01,15,10,0,0,119
도봉구,1720. 도봉구청 옆(중랑천변),2024-01-01,23,19,0,0,120
도봉구,1721. 창동역 2번출구 ,2024-01-01,61,54,0,0,121
광진구,516. 광진메디칼 앞,2024-01-01,13,17,0,0,122
금천구,1839. 수출의 다리 아래,2024-01-01,3,6,0,0,123
금천구,1840. 솔브레인이엔지 뒤편,2024-01-01,4,2,0,0,124
금천구,1841. 가산동 주민센터,2024-01-01,23,30,0,0,125
금천구,1842. 한울중학교,2024-01-01,0,1,0,0,126
금천구,1843. 독산고등학교,2024-01-01,6,7,0,0,127
금천구,1845. 롯데캐슬골드파크1차 서문,2024-01-01,5,2,0,0,128
금천구,1846. 롯데캐슬골드파크1차 동문,2024-01-01,10,8,0,0,129
금천구,1847. 독산주공 14단지 버스정류소,2024-01-01,4,2,0,0,130
금천구,1848. 벽산 디지털밸리 5차,2024-01-01,12,6,0,0,131
동작구,2058. 동작경찰서,2024-01-01,48,44,0,0,132
동작구,2059. 보라매공원 정문,2024-01-01,21,18,0,0,133
동작구,2060. 남성역3번출구 뒤,2024-01-01,19,30,0,0,134
동작구,2062. 사당새마을금고,2024-01-01,3,4,0,0,135
관악구,2159. 인헌초교,2024-01-01,3,3,0,0,136
서초구,2266. 서초역 3번출구,2024-01-01,8,11,0,0,137
중구,300. 정동사거리,2024-01-01,14,15,0,0,138
서초구,2268. 서초4동주민센터 ,2024-01-01,14,15,0,0,139
서초구,2270. 서초포레스타 7단지,2024-01-01,3,3,0,0,140
서초구,2271. 내방역 8번출구 앞,2024-01-01,8,10,0,0,141
서초구,2272. 교대입구 교차로,2024-01-01,5,4,0,0,142
서초구,2273. 일동제약 사거리,2024-01-01,6,3,0,0,143
서초구,2274. 양재시민의숲역 3번출구,2024-01-01,11,8,0,0,144
서초구,2275. 염곡치안센터 건너편,2024-01-01,0,2,0,0,145
서초구,2276. 영동1교 (양재천근린공원),2024-01-01,13,10,0,0,146
서초구,2277. 길마중4교 하부,2024-01-01,13,15,0,0,147
종로구,301. 경복궁역 7번출구 앞,2024-01-01,10,14,0,0,148
강남구,2362. 신사동 가로수길 입구,2024-01-01,22,14,0,0,149
강남구,2363. 강남 을지병원 교차로,2024-01-01,2,4,0,0,150
강남구,2364. 도산공원교차로,2024-01-01,5,3,0,0,151
강남구,2365. K+ 타워 앞,2024-01-01,5,9,0,0,152
강남구,2368. 도곡동 경남아파트 건너편,2024-01-01,6,4,0,0,153
강남구,2369. KT선릉타워,2024-01-01,10,10,0,0,154
강남구,2370. 한티역 3번출구,2024-01-01,13,6,0,0,155
종로구,302. 경복궁역 4번출구 뒤,2024-01-01,33,36,0,0,156
강남구,2372. 대치역 사거리,2024-01-01,9,11,0,0,157
강남구,2373. 개포동역 사거리,2024-01-01,12,11,0,0,158
강남구,2375. 수서역 1번출구 앞,2024-01-01,11,19,0,0,159
강남구,2376. 수서역 6번출구 앞,2024-01-01,6,6,0,0,160
강남구,2377. 수서역 5번출구,2024-01-01,36,31,0,0,161
서대문구,3100. 북성초교,2024-01-01,1,3,0,0,162
서대문구,3101. 서대문구청,2024-01-01,7,10,0,0,163
종로구,303. 광화문역 1번출구 앞,2024-01-01,29,12,0,0,164
서대문구,3102. 연희삼거리,2024-01-01,17,18,0,0,165
광진구,3506. 영동대교 북단,2024-01-01,42,33,0,0,166
광진구,3507. 어린이회관,2024-01-01,10,3,0,0,167
광진구,3508. 화양사거리,2024-01-01,18,20,0,0,168
광진구,3509. 세종사이버대학교,2024-01-01,29,29,0,0,169
성동구,3511. 응봉역 1번출구,2024-01-01,81,85,0,0,170
성동구,3513. 상왕십리역 1번출구,2024-01-01,33,17,0,0,171
성동구,3514. 왕십리교회옆,2024-01-01,41,36,0,0,172
성동구,3515. 서울숲 관리사무소,2024-01-01,17,30,0,0,173
서대문구,115. 마스타 빌딩 앞,2024-01-01,19,9,0,0,174
성북구,1336. 성북3교 위,2024-01-01,20,22,0,0,175
성북구,1337. 돈암성당 옆,2024-01-01,27,29,0,0,176
성북구,1338. 용문2교 옆,2024-01-01,23,33,0,0,177
성북구,1339. 삼성전자서비스 성북센터,2024-01-01,14,13,0,0,178
성북구,1340. 광운초등학교 앞,2024-01-01,11,5,0,0,179
성북구,1342. 성북쉼터 앞,2024-01-01,5,4,0,0,180
성북구,1343. 한성대7번출구 앞,2024-01-01,15,11,0,0,181
성북구,1344. 아리랑시네센터 앞,2024-01-01,7,2,0,0,182
종로구,305. 종로구청 옆,2024-01-01,27,24,0,0,183
성북구,1346. 길음8골어린이공원 옆,2024-01-01,3,7,0,0,184
성북구,1347. 길음래미안아파트817동 상가 앞,2024-01-01,4,5,0,0,185
성북구,1348. 성북제일새마을금고 본점 앞,2024-01-01,2,2,0,0,186
성북구,1349. 월계2교 버스정류장 앞,2024-01-01,9,6,0,0,187
성북구,1351. 안암2교 옆,2024-01-01,23,23,0,0,188
성북구,1352. e 편한세상 보문아파트 내,2024-01-01,1,1,0,0,189
성북구,1353. 금호어울림센터힐 내,2024-01-01,5,5,0,0,190
구로구,1956. 동아1차APT105동 버스정류장(신도림중학교 방면),2024-01-01,16,19,0,0,191
구로구,1957. 구일고등학교 정문 ,2024-01-01,28,33,0,0,192
구로구,1958. 강서수도사업소민원센터,2024-01-01,23,26,0,0,193
구로구,1959. 구로구의회 앞,2024-01-01,20,17,0,0,194
구로구,1960. 구로거리공원 동측(신도림역 방면),2024-01-01,19,20,0,0,195
구로구,1961. 신도림테크노근린공원,2024-01-01,88,62,0,0,196
구로구,1962. 가리봉동주민센터,2024-01-01,4,5,0,0,197
구로구,1964. 원메디타운 앞,2024-01-01,31,39,0,0,198
구로구,1965. 삼환로즈빌아파트 105동 옆,2024-01-01,16,12,0,0,199
구로구,1966. 한마을아파트 정문상가,2024-01-01,24,25,0,0,200
구로구,1967. 참새공원(백곡경노당),2024-01-01,4,9,0,0,201
종로구,307. 서울역사박물관 앞,2024-01-01,25,20,0,0,202
구로구,1968. 동인오피스텔 건너편 소공원,2024-01-01,8,5,0,0,203
구로구,1969. 궁동생태공원,2024-01-01,1,1,0,0,204
구로구,1971. 오정초교 앞 보도육교,2024-01-01,2,0,0,0,205
구로구,1973. 오리로와 서해안도로 교차로 앞,2024-01-01,8,5,0,0,206
구로구,1974. 신도림2차e편한세상아파트 203동 앞,2024-01-01,14,16,0,0,207
구로구,1975. 대림역 1번 출입구 밑,2024-01-01,20,19,0,0,208
구로구,1976. 남구로역 5번 출입구 앞,2024-01-01,11,13,0,0,209
구로구,1977. 천왕역 1번 출입구 앞,2024-01-01,18,13,0,0,210
종로구,308. 광화문 S타워 앞,2024-01-01,24,22,0,0,211
구로구,1979. 구로1동우체국 앞,2024-01-01,4,1,0,0,212
구로구,1981. 천왕지구삼거리 앞,2024-01-01,9,10,0,0,213
강남구,2380. 삼성동베이직하우스앞,2024-01-01,3,2,0,0,214
강남구,2381. 언주역 3번출구앞,2024-01-01,4,7,0,0,215
강남구,2382. 역삼동 sk뷰 501동앞,2024-01-01,8,8,0,0,216
강남구,2383. 보금자리정원,2024-01-01,5,6,0,0,217
강서구,1158. 가양역 8번출구,2024-01-01,68,67,0,0,218
종로구,309. 광화문역 6번출구 옆 B,2024-01-01,5,6,0,0,219
강서구,1159. 서서울모터리움 앞,2024-01-01,5,4,0,0,220
강서구,1160. 양천향교역 7번출구앞,2024-01-01,89,88,0,0,221
강서구,1161. 강서면허시험장 앞,2024-01-01,2,1,0,0,222
강서구,1162. 공항초등학교건너편,2024-01-01,51,50,0,0,223
강서구,1163. 방화동강서기동대앞,2024-01-01,50,42,0,0,224
관악구,2164. 관악우체국,2024-01-01,31,39,0,0,225
중구,310. 청계광장 옆,2024-01-01,7,7,0,0,226
관악구,2165. JK장평타워,2024-01-01,1,1,0,0,227
관악구,2167. 낙성대역 1번출구,2024-01-01,8,4,0,0,228
광진구,3518. 군자역 7번출구뒤,2024-01-01,52,51,0,0,229
관악구,2169. 봉천역 2번출구,2024-01-01,11,17,0,0,230
관악구,2170. 조원동 강남힐병원,2024-01-01,23,22,0,0,231
광진구,3517. 용마사거리,2024-01-01,21,23,0,0,232
관악구,2172. 나들목공원,2024-01-01,13,15,0,0,233
관악구,2173. 당곡사거리,2024-01-01,60,61,0,0,234
관악구,2174. 삼성디지털프라자관악점,2024-01-01,11,11,0,0,235
관악구,2175. 신림동걷고싶은문화의거리입구,2024-01-01,33,33,0,0,236
광진구,3516. 구의아리수정수센터앞,2024-01-01,16,17,0,0,237
구로구,1983. 구로동롯데아파트,2024-01-01,26,19,0,0,238
구로구,1984. 구로구청,2024-01-01,21,25,0,0,239
구로구,1985. 구로도서관,2024-01-01,50,47,0,0,240
금천구,1849. 대륭포스트타워5차,2024-01-01,4,6,0,0,241
금천구,1850. 코오롱테크노밸리,2024-01-01,3,5,0,0,242
노원구,1661. 당현천근린공원,2024-01-01,32,27,0,0,243
노원구,1662. 노원역7번출구,2024-01-01,34,27,0,0,244
노원구,1663. 동해문화예술관앞,2024-01-01,29,30,0,0,245
노원구,1665. 양지근린공원앞,2024-01-01,25,18,0,0,246
노원구,1666. 노원소방서인근,2024-01-01,15,15,0,0,247
노원구,1667. 중계중학교,2024-01-01,34,22,0,0,248
노원구,1668. 중계역 6번출구,2024-01-01,54,57,0,0,249
노원구,1669. 중계역 3번출구,2024-01-01,26,22,0,0,250
노원구,1670. 노원경찰서교차로,2024-01-01,12,12,0,0,251
노원구,1671. 인덕대학교,2024-01-01,5,13,0,0,252
노원구,1672. 상계동수락리버시티,2024-01-01,7,11,0,0,253
노원구,1674. 서울북부고용센터앞,2024-01-01,28,31,0,0,254
도봉구,1722. 창동청소년수련관,2024-01-01,0,3,0,0,255
도봉구,1723. 방학동학마을도서관,2024-01-01,4,3,0,0,256
도봉구,1725. 창1동주민센터,2024-01-01,10,10,0,0,257
도봉구,1726. 삼익세라믹아파트교차로,2024-01-01,7,12,0,0,258
도봉구,1727. 서울도봉초등학교인근,2024-01-01,8,11,0,0,259
종로구,314. 국립현대미술관,2024-01-01,10,13,0,0,260
동대문구,648. 장안동위더스빌옆,2024-01-01,47,50,0,0,261
동대문구,650. 중랑교사거리,2024-01-01,21,21,0,0,262
서초구,2279. 교대역 5번출구뒤,2024-01-01,16,11,0,0,263
서초구,2280. 서울서초고용센터앞,2024-01-01,6,3,0,0,264
서초구,2281. 연세사랑병원신관앞,2024-01-01,6,5,0,0,265
서초구,2283. 그룹한빌딩옆,2024-01-01,6,5,0,0,266
서초구,2284. CJ오쇼핑앞,2024-01-01,0,1,0,0,267
서초구,2285. LH서초3단지 301동 맞은편,2024-01-01,8,9,0,0,268
서초구,2288. 안골마을입구,2024-01-01,0,1,0,0,269
서초구,2289. 남태령역 2번출구,2024-01-01,1,0,0,0,270
성북구,1354. 고려대학교 2번출구,2024-01-01,22,24,0,0,271
종로구,316. 종각역 1번출구 앞,2024-01-01,14,15,0,0,272
영등포구,275. 신동아아파트,2024-01-01,40,37,0,0,273
영등포구,276. 영등포로터리2,2024-01-01,18,22,0,0,274
영등포구,278. 쌍용플레티넘오피스텔,2024-01-01,42,33,0,0,275
용산구,827. 국군복지단,2024-01-01,0,1,0,0,276
용산구,828. 숙대입구역 8번,2024-01-01,21,24,0,0,277
용산구,829. 한강대교 북단 교차로,2024-01-01,33,25,0,0,278
용산구,830. 강변삼성스위트아파트 앞,2024-01-01,6,4,0,0,279
용산구,831. 이태원관광특구입구A(녹사평역쪽),2024-01-01,4,4,0,0,280
은평구,954. 은평뉴타운구파발9단지,2024-01-01,13,12,0,0,281
은평구,956. 응암시장교차로,2024-01-01,35,30,0,0,282
중랑구,1449. 상봉역 1번출구,2024-01-01,26,22,0,0,283
중랑구,1450. 화랑대역 7번출구,2024-01-01,8,16,0,0,284
중랑구,1451. 중랑세무서,2024-01-01,36,29,0,0,285
중랑구,1452. 겸재교 진입부,2024-01-01,39,48,0,0,286
관악구,2171. 서울대입구역 5번출구,2024-01-01,27,29,0,0,287
강서구,1165. 마곡중학교 후문,2024-01-01,17,12,0,0,288
용산구,832. 이촌1동 주민센터 뒤,2024-01-01,11,7,0,0,289
중구,318. 광교사거리 남측,2024-01-01,4,4,0,0,290
용산구,834. 효창공원앞역 3번출구 뒤,2024-01-01,23,30,0,0,291
용산구,835. 남영역 건너편,2024-01-01,15,27,0,0,292
용산구,836. 현대자동차서비스 앞,2024-01-01,16,15,0,0,293
용산구,837. 한남나들목 입구,2024-01-01,22,18,0,0,294
중랑구,1453. 중랑캠핑숲,2024-01-01,4,2,0,0,295
중랑구,1454. 한국전력공사(동대문 중랑지사),2024-01-01,16,20,0,0,296
성북구,1355. 보문2교,2024-01-01,39,41,0,0,297
노원구,1677. 육군사관학교  앞,2024-01-01,14,16,0,0,298
양천구,749. 이대목동병원보도육교,2024-01-01,28,18,0,0,299
강서구,1166. 강서구립등빛도서관,2024-01-01,59,49,0,0,300
강서구,1167. 마곡수명산파크3단지 교차로,2024-01-01,49,61,0,0,301
영등포구,279. 영등포 푸르지오 아파트 B,2024-01-01,21,20,0,0,302
동작구,2064. 흑석한강푸르지오 106동앞,2024-01-01,1,0,0,0,303
동작구,2065. 서울시여성가족재단,2024-01-01,5,5,0,0,304
관악구,2176. 보라매공원 보도육교,2024-01-01,28,16,0,0,305
중구,320. 을지로입구역 4번출구 앞,2024-01-01,10,8,0,0,306
서초구,2293. SPC 앞,2024-01-01,11,8,0,0,307
서초구,2294. 두상빌딩 앞,2024-01-01,18,26,0,0,308
강남구,2384. 자곡사거리,2024-01-01,31,26,0,0,309
강남구,2385. 학동역,2024-01-01,7,8,0,0,310
강남구,2386. 크린랩 본사,2024-01-01,2,1,0,0,311
송파구,1275. 거여초등학교 옆,2024-01-01,7,8,0,0,312
중구,321. KEB 하나금융그룹 명동사옥 옆,2024-01-01,8,8,0,0,313
강동구,1048. 둔촌어린이공원,2024-01-01,2,2,0,0,314
강동구,1049. 강일리버파크 10단지,2024-01-01,11,9,0,0,315
종로구,393. 동대문역 8번 출구,2024-01-01,15,11,0,0,316
종로구,394. 경희궁 자이 3단지,2024-01-01,10,12,0,0,317
종로구,395. 경희궁 자이 2단지,2024-01-01,15,18,0,0,318
중랑구,1455. 상봉역 2번 출구,2024-01-01,28,22,0,0,319
용산구,838. 숙대입구역 4번출구,2024-01-01,26,16,0,0,320
광진구,3520. 광진경찰서,2024-01-01,44,45,0,0,321
광진구,3521. 현대홈타운 뒷길,2024-01-01,4,4,0,0,322
중구,322. 명동성당 앞,2024-01-01,9,11,0,0,323
중랑구,1456. 상아빌딩(우림시장 교차로),2024-01-01,19,25,0,0,324
중랑구,1457. 동원사거리,2024-01-01,14,8,0,0,325
성북구,1357. 북한산보국문역,2024-01-01,7,4,0,0,326
성북구,1358. 정릉도서관 앞,2024-01-01,6,8,0,0,327
성북구,1360. 정릉역,2024-01-01,10,12,0,0,328
강북구,1537. 북한산 우이역,2024-01-01,11,13,0,0,329
강북구,1538. 솔밭공원역,2024-01-01,9,4,0,0,330
강북구,1539. 4.19민주묘지역,2024-01-01,15,10,0,0,331
강북구,1540. 가오리역,2024-01-01,16,8,0,0,332
강북구,1541. 삼양역,2024-01-01,1,3,0,0,333
강북구,1542. 삼양사거리역,2024-01-01,4,4,0,0,334
노원구,1679. 삼육대 도서관,2024-01-01,1,0,0,0,335
마포구,427. 성산시영아파트,2024-01-01,31,32,0,0,336
양천구,750. 연의근린공원 건너편,2024-01-01,17,11,0,0,337
중구,324. 신세계백화점 본점 앞,2024-01-01,12,10,0,0,338
양천구,752. 성원2차 아파트,2024-01-01,17,9,0,0,339
강서구,1168. 마곡엠밸리10단지 앞,2024-01-01,36,33,0,0,340
금천구,1851. 가산디지털단지 9번출구 인근,2024-01-01,35,24,0,0,341
서초구,2297. 남부터미널역 1번출구,2024-01-01,8,8,0,0,342
서초구,2299. 한전아트센터 앞,2024-01-01,12,7,0,0,343
강남구,2387. 래미안강남힐즈 사거리,2024-01-01,7,13,0,0,344
송파구,1277. 성내7교,2024-01-01,13,11,0,0,345
송파구,1278. 송파구청 교차로,2024-01-01,26,36,0,0,346
송파구,1279. 마천금호어울림 1차아파트 건너편,2024-01-01,0,1,0,0,347
송파구,1280. 송파파크데일 2단지입구 앞 주차장,2024-01-01,6,6,0,0,348
송파구,1282. 송파소방서 맞은편(성내4교),2024-01-01,21,22,0,0,349
송파구,1285. 위례별 유치원 뒤,2024-01-01,4,3,0,0,350
송파구,1286. 위례중앙푸르지오 1단지 앞,2024-01-01,9,10,0,0,351
송파구,1287. 위례아이파크 101동 맞은편,2024-01-01,3,4,0,0,352
송파구,1288. 문정중교 사거리,2024-01-01,11,7,0,0,353
종로구,326. 안국역 5번출구 앞,2024-01-01,9,11,0,0,354
강동구,1050.  둔촌역 3번 출입구,2024-01-01,60,60,0,0,355
강동구,"1051. 강일중,선사고 버스정류장(신암중학교 방면)",2024-01-01,20,23,0,0,356
송파구,1289. 풍납토성 서성벽터B,2024-01-01,10,13,0,0,357
강북구,1543. 수유1동 주민센터,2024-01-01,8,7,0,0,358
성북구,1361. 홍익중고 입구,2024-01-01,11,13,0,0,359
노원구,1681. 현대6차 아파트,2024-01-01,15,11,0,0,360
노원구,1682. 중계종합사회복지관 교차로,2024-01-01,7,5,0,0,361
광진구,3510. 중곡SK아파트앞,2024-01-01,7,6,0,0,362
광진구,3523. 건국대학교 과학관(이과대) 앞,2024-01-01,3,2,0,0,363
종로구,327. 낙원상가 옆,2024-01-01,27,16,0,0,364
종로구,397. 종묘공영주차장 건너편,2024-01-01,22,8,0,0,365
강남구,2388. 강남구 도시관리공단,2024-01-01,4,7,0,0,366
도봉구,1728. 서울북부지방법원,2024-01-01,0,2,0,0,367
중구,398. 을지로3가역 3번출구,2024-01-01,16,9,0,0,368
중구,399. 서울역 센트럴 자이아파트,2024-01-01,15,13,0,0,369
중구,428. 명보사거리,2024-01-01,3,5,0,0,370
중구,429. 송도병원,2024-01-01,1,2,0,0,371
중구,430. 장충동먹자골목 앞,2024-01-01,13,13,0,0,372
종로구,328. 탑골공원 앞,2024-01-01,9,9,0,0,373
중구,431. 청계천 영도교,2024-01-01,53,51,0,0,374
용산구,839. 보광동 삼성리버빌아파트 앞,2024-01-01,16,17,0,0,375
용산구,841. 신용산역 1번 출구,2024-01-01,29,32,0,0,376
용산구,843. 이태원관광특구B(용산구청쪽),2024-01-01,6,8,0,0,377
용산구,844. 이촌2동 동원베네스트 아파트 앞,2024-01-01,10,20,0,0,378
동대문구,652. 답십리 래미안엘파인아파트 입구,2024-01-01,9,13,0,0,379
동대문구,654. 전농동 텃골공원,2024-01-01,8,8,0,0,380
종로구,329. 청계2가 사거리 옆,2024-01-01,47,26,0,0,381
중랑구,1458. 상봉터미널2,2024-01-01,36,34,0,0,382
중랑구,1459. 용마한신아파트사거리,2024-01-01,3,4,0,0,383
성북구,1362. 보문역6번출구 앞,2024-01-01,26,21,0,0,384
성북구,1363. 보문4교 인근,2024-01-01,31,40,0,0,385
성북구,1364. 성북동 치안센터 앞,2024-01-01,11,6,0,0,386
성북구,1365. 선잠단지 앞,2024-01-01,1,1,0,0,387
성북구,1366. 일신초등학교 옆,2024-01-01,4,4,0,0,388
성북구,1367. 길음문화복합미디어센터,2024-01-01,3,2,0,0,389
성북구,1368. 성신여대입구 교차로,2024-01-01,9,14,0,0,390
도봉구,1729. 도봉한신아파트 버스정류장,2024-01-01,26,21,0,0,391
도봉구,1730. 도봉산역 교차로 앞,2024-01-01,7,7,0,0,392
도봉구,1731. 도봉고등학교 맞은편,2024-01-01,6,3,0,0,393
도봉구,1732. 방학역사거리,2024-01-01,12,8,0,0,394
도봉구,1733. 방학사거리 (봄마당 앞),2024-01-01,7,7,0,0,395
도봉구,1734. 쌍문현대1차아파트 108동 앞,2024-01-01,19,8,0,0,396
도봉구,"1735. 도봉역 1,2번 출구사이 건너편",2024-01-01,15,19,0,0,397
도봉구,1736. 버스정류장 앞,2024-01-01,7,10,0,0,398
도봉구,1737. 신창시장,2024-01-01,26,22,0,0,399
중구,331. 을지로2가 사거리 북측,2024-01-01,9,4,0,0,400
도봉구,1738. 창동주공17단지 상가앞,2024-01-01,26,22,0,0,401
노원구,1683. 노원문화예술회관,2024-01-01,20,29,0,0,402
노원구,1684. 태릉입구역 5번출구,2024-01-01,38,34,0,0,403
노원구,1685. 불암고등학교 앞 횡단보도,2024-01-01,22,24,0,0,404
노원구,1686. 상계주공10단지 종합상가 앞,2024-01-01,26,31,0,0,405
은평구,958. 본 서부병원 버스정류장(은평 세무서 방면),2024-01-01,17,16,0,0,406
은평구,959. 구파발10단지 인근,2024-01-01,5,11,0,0,407
은평구,960. 구파발역 환승센터,2024-01-01,8,10,0,0,408
은평구,961. 불광역 9번 출구,2024-01-01,35,34,0,0,409
은평구,962. 은평뉴타운 힐데스하임,2024-01-01,22,22,0,0,410
은평구,963. 불광롯데캐슬아파트 앞,2024-01-01,12,12,0,0,411
은평구,964. 북한산힐스테이트 7차아파트,2024-01-01,8,7,0,0,412
은평구,965. 서울특별시 은평병원,2024-01-01,4,4,0,0,413
은평구,967. 서울혁신파크2,2024-01-01,2,3,0,0,414
은평구,968. 은평뉴타운 상림마을 13단지,2024-01-01,2,2,0,0,415
서대문구,3103. 홍제삼거리 북측,2024-01-01,18,20,0,0,416
서대문구,3104. e편한세상 신촌4단지 앞,2024-01-01,10,12,0,0,417
서대문구,3105. 홍은센트레빌 아파트 앞,2024-01-01,3,3,0,0,418
마포구,432. 마포중앙도서관,2024-01-01,5,2,0,0,419
양천구,754. 목동1단지아파트 118동 앞,2024-01-01,55,57,0,0,420
양천구,755. 목동1단지아파트 상가 앞,2024-01-01,53,55,0,0,421
양천구,756. 목동주차장,2024-01-01,25,27,0,0,422
양천구,757. 신정이펜하우스 1단지아파트 입구 사거리,2024-01-01,6,6,0,0,423
양천구,758. 한사랑교회 앞,2024-01-01,25,35,0,0,424
마포구,111. 상수역 2번출구 앞,2024-01-01,6,6,0,0,425
종로구,334. 종로3가역 2번출구 뒤,2024-01-01,28,14,0,0,426
양천구,759. 보아스아파트 앞,2024-01-01,8,13,0,0,427
양천구,760. 잣절보도육교 아래,2024-01-01,9,7,0,0,428
양천구,762. 오목로 무중력지대 앞,2024-01-01,9,7,0,0,429
양천구,763. 목동11단지 아파트,2024-01-01,24,29,0,0,430
강서구,1169. 염창역 1번 출구,2024-01-01,27,27,0,0,431
강서구,1170. 강서구보건소,2024-01-01,26,12,0,0,432
강서구,1171. 염창동 새마을금고 건너편,2024-01-01,16,15,0,0,433
강서구,1172. 가양3동 주민센터,2024-01-01,20,24,0,0,434
종로구,335. 종로3가역 15번출구 앞,2024-01-01,10,9,0,0,435
강서구,1173. 강서구청사거리(SH타워),2024-01-01,35,47,0,0,436
강서구,1174. 강서구청사거리(부민병원),2024-01-01,19,14,0,0,437
강서구,1175. 대한항공 인력개발센터,2024-01-01,24,16,0,0,438
강서구,1177. 수명중․고교,2024-01-01,23,24,0,0,439
강서구,1178. 개화산역 2번 출구,2024-01-01,21,19,0,0,440
강서구,1180. 마곡엠밸리 15단지(1502동) 건너편,2024-01-01,38,43,0,0,441
강서구,1181. 농수산식품공사 (강서지사),2024-01-01,2,1,0,0,442
강서구,1182. KBS 스포츠월드,2024-01-01,44,49,0,0,443
중구,336. 충무로역 6번출구 앞,2024-01-01,8,9,0,0,444
강서구,1183. 강서대학교,2024-01-01,5,2,0,0,445
구로구,1986. 태평양물산,2024-01-01,36,35,0,0,446
구로구,1987. 개봉아이파크아파트 앞,2024-01-01,17,20,0,0,447
구로구,1988. 고척LIGA아파트 앞,2024-01-01,31,30,0,0,448
구로구,1991. 오류동역 맞은편,2024-01-01,34,33,0,0,449
구로구,1992. 구로구배드민턴실내체육관 앞,2024-01-01,8,8,0,0,450
구로구,1993. 금강수목원아파트 앞,2024-01-01,6,6,0,0,451
구로구,1994. 삼성전자 물류센터 앞,2024-01-01,19,25,0,0,452
종로구,337. 창경궁 입구,2024-01-01,7,4,0,0,453
구로구,1996. 구일역 1번 출입구 앞,2024-01-01,38,32,0,0,454
금천구,1853. 서울디자인직업전문학교 앞,2024-01-01,2,10,0,0,455
금천구,1854. 가산아네스트 오피스텔 앞,2024-01-01,10,5,0,0,456
금천구,1855. 성지아파트 옆 도로변,2024-01-01,4,4,0,0,457
금천구,1856. 모두의학교,2024-01-01,11,11,0,0,458
금천구,1857. 주공14단지,2024-01-01,5,3,0,0,459
영등포구,280. 양평동6차현대아파트 앞,2024-01-01,53,49,0,0,460
종로구,338. 세운스퀘어 앞,2024-01-01,21,11,0,0,461
영등포구,281. 대림신동아아파트 앞,2024-01-01,18,19,0,0,462
영등포구,282. 신한은행 대림동지점,2024-01-01,12,17,0,0,463
동작구,2066. 양문교회 앞,2024-01-01,29,18,0,0,464
동작구,2067. 보라매역․동작세무서 버스정류장(강남중학교방면),2024-01-01,23,22,0,0,465
동작구,2070. 노량진역 2번 출구 앞,2024-01-01,27,35,0,0,466
관악구,2177. 신대방역 2번 출구,2024-01-01,104,107,0,0,467
관악구,2178. 서울대학교 정문,2024-01-01,5,6,0,0,468
관악구,2179. 양녕로 입구,2024-01-01,19,17,0,0,469
종로구,339. 종로4가 사거리,2024-01-01,9,4,0,0,470
서초구,2501. 서초 포레스타5단지,2024-01-01,5,10,0,0,471
서초구,2502. 서초역1번출구 앞,2024-01-01,3,7,0,0,472
서초구,2503. 반포1동 서초빌딩 앞,2024-01-01,11,10,0,0,473
서초구,2504. 신사역 4번출구 뒤,2024-01-01,9,9,0,0,474
서초구,2505. 우성아파트사거리 (기업은행앞),2024-01-01,15,17,0,0,475
서초구,2506. LG유플러스 (방배사옥),2024-01-01,2,1,0,0,476
강남구,2389. 경기여자고등학교 후문 (삼성로3길 입구),2024-01-01,5,8,0,0,477
종로구,340. 혜화동 로터리,2024-01-01,17,29,0,0,478
강남구,2390. 구룡마을 입구 (래미안블레스티지 아파트),2024-01-01,12,12,0,0,479
강남구,2392. 구룡산 입구 (구룡산 서울둘레길 입구),2024-01-01,1,0,0,0,480
강남구,2393. 구룡사 앞 교차로 (보도육교),2024-01-01,2,2,0,0,481
강남구,2394. 개포래미안포레스트아파트 107동 앞,2024-01-01,18,16,0,0,482
강남구,2396. 영동3교 북단(우성캐릭터 앞 보도),2024-01-01,8,6,0,0,483
강남구,2398. 더라움,2024-01-01,1,1,0,0,484
종로구,341. 혜화역 3번출구 뒤,2024-01-01,12,12,0,0,485
강남구,2401. 밀알학교 입구 (삼성서울병원 입구),2024-01-01,3,5,0,0,486
강남구,2403. 공무원연금매점 교차로 (개포주공9단지 입구),2024-01-01,17,24,0,0,487
강남구,2404. 대모산입구역 4번 출구 앞,2024-01-01,27,27,0,0,488
강남구,2405. 청담공원앞 교차로,2024-01-01,10,4,0,0,489
강남구,2406. 논현동 광명빌딩 앞,2024-01-01,6,3,0,0,490
강남구,2407. 역삼서초삼성 세무서 앞 (역삼빌딩 앞),2024-01-01,11,8,0,0,491
강남구,2408. 강남한양수자인아파트,2024-01-01,11,11,0,0,492
송파구,1290. 위례송파꿈에그린아파트24단지 앞 성벽 다리 밑,2024-01-01,7,9,0,0,493
종로구,342. 대학로 마로니에공원,2024-01-01,29,35,0,0,494
송파구,1291. 서울체육고등학교 앞,2024-01-01,10,10,0,0,495
송파구,1293. 석촌호수 서호 사거리,2024-01-01,45,50,0,0,496
송파구,1295. 잠실역 8번출구,2024-01-01,60,57,0,0,497
송파구,1296. 석촌호수교차로 (송파나루근린공원 앞),2024-01-01,18,15,0,0,498
송파구,1297. 석촌호수교차로(동호 팔각정 앞),2024-01-01,81,47,0,0,499
송파구,1299. 송파소방서 (방이119안전센터),2024-01-01,9,8,0,0,500
송파구,1300. 오륜사거리,2024-01-01,8,5,0,0,501
종로구,343. 힐스테이트창경궁 아파트 앞,2024-01-01,7,13,0,0,502
송파구,2601. 석촌호수 아뜰리에,2024-01-01,34,43,0,0,503
송파구,2603. 송파 글마루 도서관,2024-01-01,7,2,0,0,504
강동구,1053. 동명근린공원 진입로 (아리수로),2024-01-01,6,7,0,0,505
강동구,1054. 말우물 어린이 공원,2024-01-01,5,7,0,0,506
강동구,1056. 강일리버파크 7~11단지,2024-01-01,7,5,0,0,507
강동구,1057. 능골근린공원,2024-01-01,3,4,0,0,508
성동구,3525. 금호스포츠센터앞,2024-01-01,9,23,0,0,509
마포구,112. 극동방송국 앞,2024-01-01,20,26,0,0,510
종로구,344. 성균관대 E하우스 앞,2024-01-01,9,16,0,0,511
광진구,3528. 광진정보도서관,2024-01-01,13,20,0,0,512
광진구,3529. 어린이대공원정문,2024-01-01,15,12,0,0,513
종로구,452. 동대문 종합시장 버스정류장,2024-01-01,12,8,0,0,514
종로구,453. 종로오가 지하쇼핑센터 14번출구,2024-01-01,27,21,0,0,515
종로구,454. 종로2가 버스정류장 (종각방향),2024-01-01,14,16,0,0,516
종로구,455. 종로6가역 버스정류장(동대문 방향),2024-01-01,8,4,0,0,517
종로구,456. 숭인2동 주민센터 입구,2024-01-01,30,39,0,0,518
종로구,345. 서울보증보험본사 앞,2024-01-01,6,5,0,0,519
종로구,457. 종로꽃시장 입구 옆,2024-01-01,12,16,0,0,520
종로구,458. 광화문역 5번출구,2024-01-01,40,32,0,0,521
용산구,845. 용산 선인상가,2024-01-01,5,9,0,0,522
성동구,3530. 왕십리자이아파트 후문(삼거리),2024-01-01,5,5,0,0,523
성동구,3531. 논골사거리(금호도서관 입구),2024-01-01,1,1,0,0,524
성동구,3532. 왕십리KCC스위첸아파트,2024-01-01,2,2,0,0,525
중구,346. 맥스타일 앞,2024-01-01,34,16,0,0,526
강동구,1060. 천일초교 사거리,2024-01-01,9,9,0,0,527
강동구,1061. 천호초교 입구 사거리(일주빌딩),2024-01-01,19,19,0,0,528
강동구,1062. 고덕숲 아이파크 2,2024-01-01,1,1,0,0,529
강동구,1058. 고덕숲 아이파크 1,2024-01-01,3,4,0,0,530
동대문구,661. 경희대학교 청운관,2024-01-01,9,10,0,0,531
강동구,1059. 래미안 강동팰리스(102동),2024-01-01,11,8,0,0,532
송파구,2604. 풍납토성 서성벽터A,2024-01-01,20,20,0,0,533
동대문구,656. 영휘원 교차로,2024-01-01,9,13,0,0,534
동대문구,657. 동대문롯데캐슬아파트 앞,2024-01-01,35,31,0,0,535
중구,347. 동대문역사문화공원역 9번출구 앞,2024-01-01,24,12,0,0,536
동대문구,659. 제기동역 1번출구,2024-01-01,32,33,0,0,537
동대문구,660. 동의보감타워,2024-01-01,42,30,0,0,538
성북구,1370. 복자사랑 피정의 집,2024-01-01,6,3,0,0,539
성북구,1372. KEB은행 고대점,2024-01-01,14,8,0,0,540
성북구,1373. 성북구보건소 건너편,2024-01-01,6,8,0,0,541
도봉구,1741. 제일강산수산입구,2024-01-01,20,13,0,0,542
노원구,1688. 마들역 7번출구,2024-01-01,22,14,0,0,543
노원구,1689. 마들역 3번출구,2024-01-01,23,19,0,0,544
노원구,1690. 도봉운전면허시험장 버스정류장 옆,2024-01-01,12,9,0,0,545
노원구,1691. 노원정보도서관,2024-01-01,9,9,0,0,546
강서구,1184. 마곡13단지,2024-01-01,44,70,0,0,547
강서구,1185. 등촌9단지,2024-01-01,27,34,0,0,548
강서구,1186. 송정중학교,2024-01-01,18,14,0,0,549
금천구,"1858. 500번,507번 버스 종점 앞",2024-01-01,2,2,0,0,550
영등포구,283. 아크로타워 스퀘어(영등포시장),2024-01-01,41,58,0,0,551
종로구,349. 어린이도서관,2024-01-01,15,17,0,0,552
영등포구,284. 센트럴 푸르지오 시티 앞,2024-01-01,47,49,0,0,553
영등포구,285. 콤텍시스템 앞,2024-01-01,13,11,0,0,554
영등포구,286. 우성아파트 교차로,2024-01-01,18,15,0,0,555
영등포구,287. 영등포전화국사거리 (서강어린이공원),2024-01-01,33,39,0,0,556
서초구,2508. 양재이스타빌 앞,2024-01-01,15,19,0,0,557
서초구,2509. 심산기념문화센터,2024-01-01,4,5,0,0,558
송파구,2605. 복정역 1번 출구 앞,2024-01-01,11,17,0,0,559
송파구,2606. 위례동주민센터 맞은편 근린공원,2024-01-01,18,18,0,0,560
광진구,3533. 건대입구역 사거리(롯데백화점),2024-01-01,109,121,0,0,561
광진구,3534. 건대입구역 5번출구 뒤,2024-01-01,90,96,0,0,562
광진구,3536. 중앙농협(자양동),2024-01-01,38,42,0,0,563
광진구,3537. 아차산 휴먼시아 아파트 옆,2024-01-01,11,8,0,0,564
강북구,1546. 송천동우체국,2024-01-01,6,4,0,0,565
동작구,2069. 숭실대 입구역3번 출구 앞,2024-01-01,9,1,0,0,566
중구,433. 을지로입구역 2번출구,2024-01-01,18,10,0,0,567
중구,434. 신당 래미안 버스정류장,2024-01-01,0,1,0,0,568
종로구,351. 청운초교 앞 삼거리,2024-01-01,7,8,0,0,569
중구,435. SK 남산빌딩,2024-01-01,2,1,0,0,570
동대문구,663. 외대앞역 3번출구,2024-01-01,15,16,0,0,571
노원구,1692. 온곡초교 교차로,2024-01-01,20,23,0,0,572
은평구,971. 역촌 센트레빌 아파트,2024-01-01,1,1,0,0,573
마포구,436. 이대역 5번출구,2024-01-01,14,7,0,0,574
강서구,1187. 강서수산물도매시장,2024-01-01,13,21,0,0,575
영등포구,288. 쌍용예가(구청별관),2024-01-01,19,26,0,0,576
관악구,2183. 동방1교,2024-01-01,27,16,0,0,577
강남구,2409. 역삼동 디오슈페리움 (우성아파트 사거리),2024-01-01,7,6,0,0,578
종로구,352. 중앙고입구 삼거리,2024-01-01,2,3,0,0,579
강남구,2410. 포스코피앤에스타워 (역삼역 3번출구 부근),2024-01-01,7,5,0,0,580
송파구,2608. 송파구청,2024-01-01,113,92,0,0,581
송파구,2609. 보성중고등학교 후문 앞,2024-01-01,1,1,0,0,582
송파구,2611. 송파지역자활센터 뒤,2024-01-01,41,39,0,0,583
송파구,2612. 광평교사거리 인근,2024-01-01,0,1,0,0,584
강동구,3539. 서원마을,2024-01-01,2,1,0,0,585
강동구,1084. 윤선생빌딩(JYP사옥),2024-01-01,37,25,0,0,586
강서구,1193. 마곡센트럴타워 1차,2024-01-01,29,30,0,0,587
강서구,"1191. 마곡역 버스정류장(마곡나루역1번출구, 웰튼병원 방면)",2024-01-01,55,56,0,0,588
종로구,353. 재동초교 앞 삼거리,2024-01-01,12,10,0,0,589
마포구,437. 대흥역 1번출구,2024-01-01,17,21,0,0,590
마포구,438. 성산2-1 공영주차장,2024-01-01,35,29,0,0,591
강서구,1199. 우장산역 3번출구,2024-01-01,48,22,0,0,592
강서구,1200. 개화광역환승센터,2024-01-01,9,7,0,0,593
구로구,1998. 고척교 교차로,2024-01-01,12,12,0,0,594
영등포구,289. 대림3동사거리,2024-01-01,23,23,0,0,595
영등포구,290. 새말소공원,2024-01-01,38,43,0,0,596
영등포구,291. 문래동 하이테크 시티,2024-01-01,24,26,0,0,597
서대문구,117. 홍은사거리,2024-01-01,34,40,0,0,598
종로구,354. 포르투갈 대사관 앞,2024-01-01,16,16,0,0,599
영등포구,292. 영일 어린이공원,2024-01-01,17,20,0,0,600
영등포구,293. 충북 미래관,2024-01-01,46,50,0,0,601
관악구,2184. 구암초등학교 버스정류장,2024-01-01,1,1,0,0,602
강남구,2411. 세곡동 성당,2024-01-01,5,8,0,0,603
강남구,2412. 일원1동 주민센터,2024-01-01,13,16,0,0,604
송파구,2613. 잠실나들목,2024-01-01,11,22,0,0,605
송파구,2614. 가락고등학교 앞,2024-01-01,3,4,0,0,606
송파구,2615. 테라타워2,2024-01-01,18,15,0,0,607
강서구,1188. 롯데중앙연구소,2024-01-01,2,4,0,0,608
강서구,1190. 마곡역 교차로(2번출구),2024-01-01,10,7,0,0,609
종로구,355. 서울사대부설초등학교 앞,2024-01-01,15,11,0,0,610
강서구,1192. 마곡수명산파크 209동 건너편,2024-01-01,36,42,0,0,611
강서구,1195. 코오롱One&Only타워,2024-01-01,11,12,0,0,612
강서구,1196. 서울식물원(문화센터) 건너편,2024-01-01,0,4,0,0,613
강서구,1197. 엠펠리체 호텔 건너편,2024-01-01,35,42,0,0,614
강서구,1198. LG 사이언스파크,2024-01-01,2,3,0,0,615
송파구,2616. 거여동 사거리,2024-01-01,4,2,0,0,616
송파구,2617. 가락삼환아파트 앞,2024-01-01,3,2,0,0,617
강서구,2701. 마곡나루역 5번출구 뒤편,2024-01-01,80,66,0,0,618
송파구,2621. 한성백제역 2번 출구,2024-01-01,44,52,0,0,619
종로구,356. KT혜화지사 앞,2024-01-01,15,13,0,0,620
송파구,2622. 올림픽공원역 3번출구,2024-01-01,65,56,0,0,621
용산구,846. 용산중학교,2024-01-01,17,12,0,0,622
광진구,3542. 래미안 구의파크 스위트,2024-01-01,49,45,0,0,623
성북구,1375. 생명의 전화 종합복지관 앞 교차로,2024-01-01,22,23,0,0,624
강북구,1547. 꿈의숲 롯데캐슬,2024-01-01,6,1,0,0,625
강북구,1548. 북서울 꿈의숲 서문,2024-01-01,6,5,0,0,626
도봉구,1742. 북한산 코오롱 하늘채,2024-01-01,21,30,0,0,627
강서구,2702. 마곡 엠밸리2단지,2024-01-01,22,23,0,0,628
송파구,2618. 삼전역 1번출구,2024-01-01,32,36,0,0,629
송파구,2619. 석촌고분역 4번출구,2024-01-01,40,42,0,0,630
종로구,358. 성균관대입구 사거리 A,2024-01-01,16,19,0,0,631
송파구,2620. 송파나루역 4번 출구옆,2024-01-01,91,104,0,0,632
양천구,765. 오목교역 3번출구,2024-01-01,116,110,0,0,633
구로구,1999. 수궁동 성당 주변,2024-01-01,8,12,0,0,634
구로구,2000. 신도림4차 e편한세상 아파트 1109동 앞,2024-01-01,29,18,0,0,635
금천구,1859. 대륭테크노타운 18차,2024-01-01,1,4,0,0,636
서초구,2510. JW타워,2024-01-01,1,1,0,0,637
양천구,766. 신목동역 3번출구,2024-01-01,14,17,0,0,638
서초구,2511. 이수역 6번출구 앞,2024-01-01,13,9,0,0,639
종로구,359. 원남동사거리,2024-01-01,7,5,0,0,640
노원구,1693. 원자력 병원,2024-01-01,5,4,0,0,641
동작구,2071. 대림아파트 후문 상가 옆,2024-01-01,7,2,0,0,642
성북구,1377. 한국과학기술연구원 북문,2024-01-01,1,3,0,0,643
종로구,361. 동묘앞역 1번출구 뒤,2024-01-01,66,60,0,0,644
종로구,462. 신영동삼거리(북악터널방향),2024-01-01,1,1,0,0,645
구로구,2801. 대륭포스트타워1차,2024-01-01,19,15,0,0,646
마포구,440. 하늘공원 입구,2024-01-01,33,34,0,0,647
종로구,464. 삼청동 골목,2024-01-01,11,9,0,0,648
관악구,2185. 대학동 고시촌,2024-01-01,13,18,0,0,649
동대문구,664. 서울시립대 건설공학관,2024-01-01,2,3,0,0,650
종로구,362. 청계8가사거리 A,2024-01-01,26,34,0,0,651
광진구,3543. 세종대학교(학술정보원),2024-01-01,3,3,0,0,652
중구,441.염천교사거리,2024-01-01,5,3,0,0,653
강동구,1063.강동롯데캐슬퍼스트 아파트(관리동),2024-01-01,8,6,0,0,654
강동구,1064.중앙보훈병원역 1번출구,2024-01-01,9,3,0,0,655
강동구,1065.보훈병원 후문옆(더 원커피),2024-01-01,2,3,0,0,656
강동구,1066.생태공원앞 교차로(조명탑),2024-01-01,4,4,0,0,657
강동구,1067.한영중고앞사거리,2024-01-01,5,7,0,0,658
강동구,1068.명일파출소,2024-01-01,10,5,0,0,659
중구,442.서울역 서부,2024-01-01,8,4,0,0,660
중구,443.호암아트홀,2024-01-01,7,0,0,0,661
종로구,363. 신설동역 11번출구 뒤,2024-01-01,28,33,0,0,662
중구,445.대한상공회의소,2024-01-01,33,13,0,0,663
중구,466.롯데호텔,2024-01-01,7,5,0,0,664
중구,467.한국은행,2024-01-01,2,1,0,0,665
중구,468.웨스틴 조선호텔,2024-01-01,7,10,0,0,666
중구,469.회현역 1번출구,2024-01-01,3,3,0,0,667
중구,470.회현역 7번출구,2024-01-01,1,2,0,0,668
중구,471.회현사거리 남측,2024-01-01,6,5,0,0,669
중구,472.삼일교(시그니쳐 타워),2024-01-01,2,0,0,0,670
중구,473.을지로4가역 9번출구,2024-01-01,18,14,0,0,671
종로구,364. 창신역 1번출구 앞,2024-01-01,3,5,0,0,672
중구,474.동대문역사문화공원역 1번출구 뒤편,2024-01-01,56,27,0,0,673
중구,475.DDP 패션몰,2024-01-01,13,1,0,0,674
중구,476.광희문,2024-01-01,12,7,0,0,675
중구,477.앰배서더 호텔 주변,2024-01-01,6,6,0,0,676
중구,479.동대입구역 3번 출구,2024-01-01,12,8,0,0,677
중구,480.약수역 6번 출구,2024-01-01,2,2,0,0,678
중구,481.신당역 10번 출구,2024-01-01,22,14,0,0,679
중구,483.남산타운아파트 버스정류장,2024-01-01,2,0,0,0,680
중구,484.도동삼거리,2024-01-01,7,1,0,0,681
중구,485.서울역5번출구,2024-01-01,20,8,0,0,682
송파구,2641.송파역 4번출구,2024-01-01,37,41,0,0,683
송파구,2642.마천동 성내천 쉼터,2024-01-01,9,14,0,0,684
송파구,2643.풍납중학교 측면,2024-01-01,6,5,0,0,685
송파구,2644. 성내5교,2024-01-01,15,20,0,0,686
송파구,2645.잠실나들목2(엘스아파트136동),2024-01-01,14,10,0,0,687
종로구,3401.창신두산아파트,2024-01-01,5,4,0,0,688
종로구,3402.이화공영주차장,2024-01-01,6,8,0,0,689
마포구,113. 홍대입구역 2번출구 앞,2024-01-01,63,41,0,0,690
종로구,367. 독립문역 3-1번출구 ,2024-01-01,20,12,0,0,691
종로구,3404.서울특별시 중부교육지원청,2024-01-01,0,1,0,0,692
종로구,3405.파크팰리스,2024-01-01,9,13,0,0,693
종로구,3407.안국동사거리(신),2024-01-01,29,27,0,0,694
종로구,3408.종로타워빌딩,2024-01-01,8,11,0,0,695
종로구,3410.종로3가역 8번출구,2024-01-01,18,18,0,0,696
종로구,3411.종묘,2024-01-01,13,8,0,0,697
종로구,3412.세운상가,2024-01-01,27,8,0,0,698
종로구,368. SK 서린빌딩 앞,2024-01-01,20,20,0,0,699
종로구,3413.종로플레이스,2024-01-01,18,14,0,0,700
종로구,3414.종로5가역 4번출구,2024-01-01,21,17,0,0,701
종로구,3415.동대문역6번출구,2024-01-01,35,38,0,0,702
종로구,3416.동묘앞역 6번출구,2024-01-01,40,34,0,0,703
종로구,3417.창신3동주민센터,2024-01-01,13,14,0,0,704
종로구,3418.창신역2번 출구,2024-01-01,2,3,0,0,705
종로구,3419.국립어린이과학관,2024-01-01,7,3,0,0,706
종로구,3420. 성균관대입구 사거리 B,2024-01-01,20,19,0,0,707
종로구,3421.혜화역 1번출구,2024-01-01,31,29,0,0,708
종로구,3422.성균관대 정문,2024-01-01,26,34,0,0,709
종로구,3423.현대그룹(본사),2024-01-01,11,9,0,0,710
종로구,3425.광화문 풍림스페이스본 1단지앞,2024-01-01,4,5,0,0,711
종로구,3426.독립문역 2번출구 뒤,2024-01-01,9,4,0,0,712
종로구,3427.인왕산 아이파크 정문,2024-01-01,4,9,0,0,713
종로구,3428.서울미술관,2024-01-01,1,1,0,0,714
종로구,3429.HW컨벤션센터 앞,2024-01-01,4,4,0,0,715
종로구,3430.구기치안센터 앞,2024-01-01,1,1,0,0,716
종로구,3431.로제우스 레포츠센터,2024-01-01,1,2,0,0,717
종로구,3432.종로2가 사거리,2024-01-01,5,8,0,0,718
종로구,348. 독립문역 사거리,2024-01-01,14,13,0,0,719
강동구,1069.강동경희대학교병원 입구,2024-01-01,7,4,0,0,720
강동구,1070.(시립)고덕평생학습관,2024-01-01,4,5,0,0,721
강동구,1072.고덕역 5번출구,2024-01-01,19,18,0,0,722
강동구,1073. SSTS 몰 앞,2024-01-01,12,14,0,0,723
강동구,1074.대명초교입구 사거리,2024-01-01,13,16,0,0,724
강동구,1075.천동초교 삼거리,2024-01-01,40,32,0,0,725
강동구,1076. 천동초교입구사거리 버스정류장(십자성마을 방면),2024-01-01,31,32,0,0,726
강동구,1077.강동역 1번출구 앞,2024-01-01,26,23,0,0,727
강동구,1078.둔촌사거리,2024-01-01,31,32,0,0,728
강동구,1079.강일동입구교차로,2024-01-01,2,0,0,0,729
강동구,1080.엘웨딩,2024-01-01,12,12,0,0,730
강동구,1081.트레빌빌딩,2024-01-01,18,19,0,0,731
강동구,1082.중앙보훈병원역3번출구,2024-01-01,1,2,0,0,732
강동구,1083.광문고교사거리(아이파크),2024-01-01,3,6,0,0,733
강동구,1085.래미안 솔베뉴(고덕로),2024-01-01,6,9,0,0,734
강동구,1086.래미안 솔베뉴(구천면로),2024-01-01,1,1,0,0,735
강동구,1088.풍납사거리(강동),2024-01-01,17,23,0,0,736
강동구,1089.고덕 래미안힐스테이트(201동),2024-01-01,0,2,0,0,737
중구,370. 시청역(2호선) 9번출구 뒤,2024-01-01,26,20,0,0,738
강동구,1090.상일동역 2번출구 앞,2024-01-01,11,11,0,0,739
송파구,2623.석촌동 주민센터,2024-01-01,62,62,0,0,740
송파구,2625.가락종합 사회복지관,2024-01-01,6,5,0,0,741
송파구,"2626.경찰병원역 1,2번 출구 사이",2024-01-01,6,7,0,0,742
송파구,2627.문정시영아파트 5동 앞 공원,2024-01-01,6,6,0,0,743
송파구,2628.문정역 1번출구,2024-01-01,20,25,0,0,744
송파구,2630.서울방이동 고분군,2024-01-01,25,28,0,0,745
송파구,2631.배명고등학교,2024-01-01,11,15,0,0,746
송파구,2632.석촌고분역 2번 출구,2024-01-01,49,58,0,0,747
중구,371. 동대입구역 6번출구 뒤,2024-01-01,13,16,0,0,748
송파구,2633.송파학사 옆,2024-01-01,7,5,0,0,749
송파구,2634.위례포레샤인아파트 2318동,2024-01-01,4,8,0,0,750
송파구,2635.잠실새내역 1번출구,2024-01-01,29,21,0,0,751
송파구,2637. 아시아지하보도 14번 출구,2024-01-01,34,51,0,0,752
송파구,2639.석촌역 8번출구,2024-01-01,49,40,0,0,753
송파구,2646.레이크펠리스101동앞,2024-01-01,51,37,0,0,754
송파구,2647.잠실 자전거 수리센터 앞,2024-01-01,51,50,0,0,755
송파구,2648.헬리오시티 112동 앞,2024-01-01,21,23,0,0,756
중구,372. 약수역 3번출구 뒤,2024-01-01,6,7,0,0,757
송파구,2649.오금공원사거리2,2024-01-01,2,2,0,0,758
송파구,2651.경찰병원역 3번출구 앞,2024-01-01,19,22,0,0,759
송파구,2652.송파 레미니스1단지 102동 앞,2024-01-01,10,11,0,0,760
송파구,2653.올림픽공원사거리(선수촌아파트),2024-01-01,20,27,0,0,761
송파구,2654.올림픽선수촌아파트 136동 앞,2024-01-01,6,9,0,0,762
송파구,2655.송이공원,2024-01-01,11,13,0,0,763
송파구,2657.송파 파인타운 11단지 ,2024-01-01,8,4,0,0,764
송파구,2656.풍납동 아이파크 107동 앞,2024-01-01,17,11,0,0,765
강남구,2413.도곡역 1번 출구,2024-01-01,17,10,0,0,766
강남구,2414. 도곡역 아카데미스위트 앞,2024-01-01,19,21,0,0,767
강남구,2415.한티역 롯데백화점 앞,2024-01-01,7,7,0,0,768
강남구,2416.한티역 6번 출구,2024-01-01,7,9,0,0,769
강남구,"2417.선정릉 디캠프(D,CAMP)앞",2024-01-01,1,3,0,0,770
강남구,2418.봉은사역 7번 출구 ,2024-01-01,13,15,0,0,771
강남구,"2419.봉은사역 1,2번 출구 ",2024-01-01,7,8,0,0,772
강남구,2420.학여울역 사거리(LG베스트샵 앞),2024-01-01,3,2,0,0,773
강남구,2421. 신논현역 4번출구,2024-01-01,8,14,0,0,774
강남구,2422.수서동 성당 맞은편,2024-01-01,8,5,0,0,775
강남구,2423.영희초교 사거리(래미안개포루체하임),2024-01-01,21,18,0,0,776
중구,374. 청구역 2번출구 앞,2024-01-01,17,18,0,0,777
강남구,2425.세곡동 사거리(대왕초등학교 정류장),2024-01-01,2,3,0,0,778
강남구,2426.강남한신휴플러스 6단지,2024-01-01,9,9,0,0,779
강남구,2427.개포고등학교 정문앞,2024-01-01,4,8,0,0,780
강남구,2429.압구정로데오역 6번출구,2024-01-01,7,7,0,0,781
강남구,2430.강남파이낸스센터앞(역삼역2번출구),2024-01-01,2,2,0,0,782
강남구,2431.대치역 7번출구,2024-01-01,30,27,0,0,783
서초구,2514.사평역 2번출구,2024-01-01,5,4,0,0,784
마포구,118. 광흥창역 2번출구 앞,2024-01-01,12,13,0,0,785
서초구,2515.서초초등학교 후문,2024-01-01,11,12,0,0,786
서초구,2516.본마을 노인복지센터 앞,2024-01-01,7,3,0,0,787
서초구,2517. 서초그랑자이 앞,2024-01-01,7,4,0,0,788
서초구,2518. 서초동 현대아파트 앞,2024-01-01,8,12,0,0,789
서초구,2519.서초2교(사임당로 방면),2024-01-01,2,3,0,0,790
서초구,2520.서초1교 (진흥아파트 방면),2024-01-01,9,9,0,0,791
서초구,2521.서초 크로바타워 앞,2024-01-01,7,6,0,0,792
서초구,2523.뉴코아 킴스클럽 앞,2024-01-01,15,14,0,0,793
서초구,2524.반포쇼핑타운 8동 앞,2024-01-01,16,29,0,0,794
서초구,2525.반포쇼핑타운 2동 앞,2024-01-01,31,43,0,0,795
서초구,2529.우리은행 방배동지점 앞,2024-01-01,6,7,0,0,796
서초구,2530.삼호3차아파트 앞,2024-01-01,16,20,0,0,797
서초구,2531.멤피스아파트 앞,2024-01-01,20,26,0,0,798
서초구,2533.한가람미술관 앞,2024-01-01,2,0,0,0,799
서초구,2535.신반포역 3번출구 뒤,2024-01-01,7,3,0,0,800
서초구,2536.서초종합체육관 입구,2024-01-01,0,1,0,0,801
서초구,2537.양재역 8번출구 앞,2024-01-01,9,6,0,0,802
서초구,2538.사평리근린공원,2024-01-01,13,19,0,0,803
서초구,2540.반포천 앞,2024-01-01,14,11,0,0,804
서초구,2541.옛골 입구,2024-01-01,1,0,0,0,805
서초구,2542.신논현타워 앞,2024-01-01,8,9,0,0,806
서초구,2545.국립중앙도서관(국제회의장옆),2024-01-01,5,2,0,0,807
금천구,1861.IBK기업은행 석수역 지점 앞,2024-01-01,4,3,0,0,808
금천구,1862.스타즈호텔독산 빌딩 앞,2024-01-01,9,10,0,0,809
금천구,1863.위너스 스포츠클럽 골프연습장옆,2024-01-01,0,3,0,0,810
금천구,1864.산호시티빌 옆,2024-01-01,2,2,0,0,811
금천구,1865.금천구청앞(M빌딩),2024-01-01,3,5,0,0,812
금천구,1866.서울안천초등학교 옆,2024-01-01,2,3,0,0,813
금천구,1867.대륭포스트타워6차 앞,2024-01-01,49,62,0,0,814
금천구,1868.우리은행 시흥남자동화점 앞,2024-01-01,4,2,0,0,815
중구,379. 서울역9번출구,2024-01-01,14,16,0,0,816
금천구,1869.롯데캐슬골드파크3차 301동 앞,2024-01-01,10,11,0,0,817
금천구,1870.독산3동주민센터 앞,2024-01-01,12,7,0,0,818
구로구,2804.항동지구 6단지 602동 앞,2024-01-01,3,1,0,0,819
구로구,2805.구로자원순환센터 ,2024-01-01,0,1,0,0,820
구로구,2806.항동지구 4단지 입구,2024-01-01,1,0,0,0,821
구로구,2807.항동지구 1단지 105동 앞,2024-01-01,1,4,0,0,822
구로구,2808.항동지구 2단지 202동 앞,2024-01-01,6,5,0,0,823
구로구,2809.항동지구 11단지 1103동 앞,2024-01-01,1,2,0,0,824
중구,380. CJ제일제당 앞,2024-01-01,10,12,0,0,825
구로구,2810.항동지구 3단지 311동 앞,2024-01-01,1,0,0,0,826
구로구,2812.항동프라자,2024-01-01,3,3,0,0,827
구로구,2815.항동지구 7단지 정문,2024-01-01,4,6,0,0,828
구로구,2816.항동지구 8단지 803동옆(주차장입구),2024-01-01,1,0,0,0,829
구로구,2817.천왕이펜하우스5단지 앞,2024-01-01,0,1,0,0,830
구로구,2818.천왕이펜하우스3단지 앞,2024-01-01,2,1,0,0,831
구로구,2819.하늘숲초등학교 앞,2024-01-01,11,18,0,0,832
중구,381. 장충체육관,2024-01-01,1,0,0,0,833
구로구,2820.신세기아파트 앞,2024-01-01,12,12,0,0,834
구로구,2821.청구아파트 앞,2024-01-01,13,25,0,0,835
구로구,2822.제니스스포츠 앞,2024-01-01,12,10,0,0,836
구로구,2823.중앙유통단지 앞,2024-01-01,8,8,0,0,837
구로구,2824.미래사랑어린이공원 앞,2024-01-01,47,38,0,0,838
구로구,2825.초롱타운 앞,2024-01-01,6,4,0,0,839
구로구,2826.가마산지하보도 옆,2024-01-01,3,3,0,0,840
영등포구,295.영등포공원 분수대 앞,2024-01-01,5,5,0,0,841
영등포구,296.KT플라자 영등포점,2024-01-01,32,32,0,0,842
영등포구,297.국회3문,2024-01-01,2,1,0,0,843
중구,382. 약수역 10번출구 앞,2024-01-01,6,6,0,0,844
영등포구,298.KBS 연구동 건너편,2024-01-01,6,1,0,0,845
영등포구,299.여의도 순복음교회,2024-01-01,6,10,0,0,846
영등포구,3201.당산skv1센터,2024-01-01,11,13,0,0,847
영등포구,3202.당산롯데캐슬프레스티지,2024-01-01,49,44,0,0,848
영등포구,3203.도림동배드민턴체육관,2024-01-01,14,16,0,0,849
영등포구,3204.도림고가도로 밑,2024-01-01,18,16,0,0,850
영등포구,3205.문래현대2차,2024-01-01,20,28,0,0,851
영등포구,3206.문래동 주민센터,2024-01-01,27,22,0,0,852
영등포구,3207.양남사거리1,2024-01-01,11,5,0,0,853
중구,383. 신당역 12번 출구 뒤,2024-01-01,51,46,0,0,854
영등포구,3211.신길 래미안 프레비뉴,2024-01-01,11,9,0,0,855
영등포구,3212.신풍역 6번출구,2024-01-01,47,54,0,0,856
영등포구,3214.영등포 푸르지오 아파트 A,2024-01-01,33,33,0,0,857
영등포구,3215.강변삼성래미안,2024-01-01,17,18,0,0,858
중구,384. 종로학원본원 ,2024-01-01,7,7,0,0,859
영등포구,3219.영등포역 1번출구,2024-01-01,66,59,0,0,860
영등포구,3220.래미안에스티움 앞 (신풍로),2024-01-01,25,22,0,0,861
영등포구,3221.서울특별시 남부교육지원청,2024-01-01,17,16,0,0,862
양천구,767.신정숲속마을아파트,2024-01-01,10,4,0,0,863
양천구,768.목동5단지아파트 501동,2024-01-01,32,31,0,0,864
양천구,769.CBS방송국 앞,2024-01-01,128,112,0,0,865
양천구,770.목동역5번출구 교통정보센터 앞,2024-01-01,73,72,0,0,866
양천구,771.목동아파트 703동 앞,2024-01-01,46,44,0,0,867
양천구,"773.염창역 3, 4번 출구 사이",2024-01-01,19,19,0,0,868
마포구,114. 홍대입구역 8번출구 앞,2024-01-01,38,44,0,0,869
마포구,142. 아현역 4번출구 앞,2024-01-01,15,13,0,0,870
양천구,774.등촌역 4번 출구 ,2024-01-01,5,8,0,0,871
양천구,775.세종그랑시아 앞(102동),2024-01-01,13,9,0,0,872
양천구,776.목마공원,2024-01-01,13,6,0,0,873
양천구,777.신월6차보람아파트 앞,2024-01-01,18,26,0,0,874
양천구,779. 신정1동 주민센터 앞,2024-01-01,71,75,0,0,875
양천구,780.신정교 하부,2024-01-01,38,51,0,0,876
양천구,781.신정보도육교 아래,2024-01-01,82,72,0,0,877
양천구,782.서남병원 후문,2024-01-01,14,8,0,0,878
마포구,143. 공덕역 2번출구,2024-01-01,9,20,0,0,879
양천구,"785.양천구청, 보건소 사잇길",2024-01-01,47,50,0,0,880
양천구,786.목동아파트 8단지 상가동 앞,2024-01-01,34,30,0,0,881
양천구,787.양천아파트 입구,2024-01-01,44,63,0,0,882
양천구,788.양천구청역 2번출구 옆,2024-01-01,38,34,0,0,883
양천구,791.현대하이페리온,2024-01-01,42,44,0,0,884
양천구,792.목동트라팰리스 웨스턴에비뉴,2024-01-01,115,114,0,0,885
강서구,2703.서울도시가스 앞 ,2024-01-01,10,10,0,0,886
종로구,486. 평창동주민센터 앞,2024-01-01,2,2,0,0,887
마포구,144. 공덕역 8번출구,2024-01-01,31,41,0,0,888
강서구,2704.홈플러스(강서점),2024-01-01,64,72,0,0,889
강서구,2706.강서공업고등학교 앞,2024-01-01,13,19,0,0,890
강서구,2707.한강아파트,2024-01-01,39,49,0,0,891
강서구,2708.강서한강자이타워 앞,2024-01-01,65,64,0,0,892
강서구,2709.강변아파트 310동 앞,2024-01-01,31,30,0,0,893
강서구,2710.라이품 공영주차장 앞,2024-01-01,19,20,0,0,894
강서구,2711.가로공원공영주차장 1번 출구,2024-01-01,24,32,0,0,895
강서구,2712.화곡터널입구교차로,2024-01-01,20,2,0,0,896
강서구,2713.우장초등학교 앞,2024-01-01,44,35,0,0,897
마포구,145. 공덕역 5번출구,2024-01-01,13,24,0,0,898
강서구,2715.마곡나루역 2번 출구 ,2024-01-01,165,151,0,0,899
강서구,2716.롯데 R&D 센터,2024-01-01,5,1,0,0,900
강서구,2717.LG유플러스 마곡사옥,2024-01-01,34,35,0,0,901
강서구,2718.마곡수명산파크1단지,2024-01-01,20,26,0,0,902
강서구,2719.마곡문화공원,2024-01-01,24,28,0,0,903
강서구,2720.힐스테이트에코,2024-01-01,34,32,0,0,904
강서구,2721.등촌1-10단지 교차로,2024-01-01,49,66,0,0,905
양천구,793.목동5단지아파트 534동,2024-01-01,52,54,0,0,906
마포구,146. 마포역 2번출구 뒤,2024-01-01,45,41,0,0,907
강서구,2723.마곡 필네이처,2024-01-01,32,43,0,0,908
강서구,2724.(재)FITI시험연구원,2024-01-01,16,12,0,0,909
강서구,2725.서울식물원 식물문화센터,2024-01-01,29,26,0,0,910
강서구,2727.서울식물원 잔디마당 앞,2024-01-01,9,8,0,0,911
강서구,2728.마곡나루역 3번 출구,2024-01-01,117,68,0,0,912
강서구,2729.넥센 유니버시티 앞,2024-01-01,20,10,0,0,913
강서구,2730.마곡메가박스 앞,2024-01-01,46,46,0,0,914
강서구,2731.명덕고교,2024-01-01,14,19,0,0,915
강서구,2732.마곡수명산 1-2단지 ,2024-01-01,34,26,0,0,916
마포구,147. 마포역 4번출구 뒤,2024-01-01,35,31,0,0,917
강서구,2733.마곡13단지 정문 앞,2024-01-01,67,63,0,0,918
강서구,2735.마곡 공공청사,2024-01-01,27,23,0,0,919
강서구,2737.까치산역 3번 출구,2024-01-01,31,31,0,0,920
강서구,2739.수명산파크1단지교차로,2024-01-01,37,49,0,0,921
강서구,2740.마곡레포츠센터,2024-01-01,12,9,0,0,922
강서구,2741.마곡수명산파크5-6단지,2024-01-01,32,26,0,0,923
강서구,2742.강서구민올림픽체육센터,2024-01-01,21,24,0,0,924
마포구,148. 용강동 주민센터 앞,2024-01-01,29,29,0,0,925
노원구,1696.수락리버시티4단지,2024-01-01,7,7,0,0,926
노원구,1697.상계주공2단지 219동,2024-01-01,25,22,0,0,927
노원구,2901.공릉동풍림아파트 101동,2024-01-01,20,21,0,0,928
노원구,2902.공릉풍림아파트 108동,2024-01-01,21,21,0,0,929
노원구,2903.월계초안아파트 1단지,2024-01-01,5,7,0,0,930
마포구,150. 서강대역 2번출구 앞,2024-01-01,18,14,0,0,931
노원구,2904.중계3차청구아파트,2024-01-01,21,20,0,0,932
노원구,2907. 월계중학교,2024-01-01,3,1,0,0,933
노원구,2908. 광운대학교 중앙도서관,2024-01-01,24,25,0,0,934
노원구,2909. 석계역 3번 출구,2024-01-01,17,12,0,0,935
노원구,2910.도깨비시장,2024-01-01,26,26,0,0,936
노원구,2911.상계역중앙시장,2024-01-01,25,23,0,0,937
노원구,2912.대진고등학교,2024-01-01,10,8,0,0,938
노원구,2913.상계8동 주민센터,2024-01-01,17,14,0,0,939
노원구,2914.서울과학기술대학교(미래관),2024-01-01,0,2,0,0,940
노원구,2915.서울과학기술대학교(어학교육원),2024-01-01,12,14,0,0,941
노원구,2917.신창중학교 후문 맞은편 버스정류장,2024-01-01,8,14,0,0,942
노원구,2919.등나무 근린공원(시립북서울미술관 앞) ,2024-01-01,42,41,0,0,943
노원구,2920.상계중학교(당현2교사거리),2024-01-01,19,13,0,0,944
노원구,2921.중계역 2번출구,2024-01-01,27,23,0,0,945
도봉구,1743.창동19단지아파트 관리사무소앞,2024-01-01,9,16,0,0,946
도봉구,1744.도봉소방서 옆,2024-01-01,37,47,0,0,947
도봉구,1749. ESA아파트 상가 앞,2024-01-01,24,13,0,0,948
도봉구,1750. 창포원 남쪽 입구,2024-01-01,9,8,0,0,949
도봉구,1751. 창원초등학교 교차로,2024-01-01,11,18,0,0,950
도봉구,1752. 창동 주공 4단지 입구 옆,2024-01-01,13,19,0,0,951
도봉구,1754. 창동시장입구 사거리,2024-01-01,8,10,0,0,952
마포구,119. 서강나루 공원,2024-01-01,25,37,0,0,953
마포구,153. 성산2교 사거리,2024-01-01,23,31,0,0,954
도봉구,1756.서울북부광역등기국,2024-01-01,1,2,0,0,955
도봉구,1757.솔밭공원역 1번출구 앞,2024-01-01,8,6,0,0,956
도봉구,1758.솔밭공원역 1번출구 주변,2024-01-01,12,12,0,0,957
도봉구,1759.서울북부지방법원 앞,2024-01-01,5,3,0,0,958
도봉구,1761.방학중학교 앞,2024-01-01,0,3,0,0,959
도봉구,1762.북한산 한신휴플러스APT앞,2024-01-01,32,34,0,0,960
마포구,154. 마포구청역 ,2024-01-01,42,59,0,0,961
도봉구,1765.쌍문역 1번출구 주변,2024-01-01,17,13,0,0,962
도봉구,1767.방학초등학교 앞,2024-01-01,20,24,0,0,963
도봉구,1768.신동아타워 버스정류소,2024-01-01,5,5,0,0,964
도봉구,1770.도봉한신아파트 주변,2024-01-01,2,7,0,0,965
도봉구,1771.성원APT버스정류소,2024-01-01,3,8,0,0,966
도봉구,1772.시립도봉노인복지관 버스정류소,2024-01-01,8,9,0,0,967
도봉구,1774.정의여중고 버스정류소,2024-01-01,9,6,0,0,968
마포구,155. 가좌역1 번출구 앞,2024-01-01,12,9,0,0,969
도봉구,1775.신원리베르텔 앞,2024-01-01,6,10,0,0,970
강북구,1550.삼각산아이원아파트(105동 옆),2024-01-01,1,0,0,0,971
강북구,1551.4.19탑 앞,2024-01-01,11,9,0,0,972
강북구,1552. 강북구청사거리,2024-01-01,14,15,0,0,973
강북구,1553.서울북부고용노동지청,2024-01-01,9,7,0,0,974
강북구,1554.번동사거리,2024-01-01,10,8,0,0,975
강북구,1557.신창교,2024-01-01,12,11,0,0,976
마포구,156. 서울서부지방법원 앞,2024-01-01,7,4,0,0,977
강북구,1558.강북문화정보도서관,2024-01-01,3,1,0,0,978
강북구,1560. 도봉세무서 앞,2024-01-01,15,16,0,0,979
강북구,1564.4.19민주묘지역 1번출구,2024-01-01,15,14,0,0,980
강북구,1565.수유사거리,2024-01-01,20,19,0,0,981
강북구,1569.수유역2번출구,2024-01-01,48,46,0,0,982
마포구,157. 애오개역 4번출구 앞,2024-01-01,31,24,0,0,983
마포구,487.신석초교앞 교차로 교통섬,2024-01-01,26,44,0,0,984
마포구,488.푸르메병원,2024-01-01,19,23,0,0,985
마포구,489.구룡근린공원,2024-01-01,8,6,0,0,986
마포구,490.가온문화공원,2024-01-01,19,18,0,0,987
마포구,491.월드컵파크 4단지,2024-01-01,3,8,0,0,988
마포구,493.홍대입구역 6번출구,2024-01-01,31,23,0,0,989
마포구,494.신수동주민센터,2024-01-01,5,6,0,0,990
마포구,495.염리초등학교 앞,2024-01-01,11,14,0,0,991
마포구,497.합정동주민센터 앞,2024-01-01,38,36,0,0,992
마포구,498.연남동주민센터 앞,2024-01-01,31,39,0,0,993
서대문구,159. 이대역 4번 출구,2024-01-01,3,2,0,0,994
마포구,3002.벽산상암스마트큐브 ,2024-01-01,62,63,0,0,995
마포구,3003.래미안신공덕3차아파트,2024-01-01,2,2,0,0,996
마포구,3005.마포구청 청사내,2024-01-01,2,2,0,0,997
마포구,3006. 상암월드컵파크5단지(상암중학교),2024-01-01,9,5,0,0,998
마포구,3007.MBC 앞,2024-01-01,12,10,0,0,999
마포구,3008.DMC역7번출구,2024-01-01,3,1,0,0,1000
