,station_id,station_name,date,fine_dust(㎍/㎥)
0,108,서울,2021-01-01,36
1,108,서울,2021-01-02,43
2,108,서울,2021-01-03,47
3,108,서울,2021-01-04,50
4,108,서울,2021-01-05,37
5,108,서울,2021-01-06,30
6,108,서울,2021-01-07,56
7,108,서울,2021-01-08,27
8,108,서울,2021-01-09,33
9,108,서울,2021-01-10,48
10,108,서울,2021-01-11,63
11,108,서울,2021-01-12,88
12,108,서울,2021-01-13,146
13,108,서울,2021-01-14,100
14,108,서울,2021-01-15,109
15,108,서울,2021-01-16,69
16,108,서울,2021-01-17,29
17,108,서울,2021-01-18,53
18,108,서울,2021-01-19,43
19,108,서울,2021-01-20,59
20,108,서울,2021-01-21,72
21,108,서울,2021-01-22,71
22,108,서울,2021-01-24,20
23,108,서울,2021-01-25,34
24,108,서울,2021-01-26,70
25,108,서울,2021-01-27,50
26,108,서울,2021-01-28,51
27,108,서울,2021-01-29,32
28,108,서울,2021-01-30,74
29,108,서울,2021-01-31,75
30,108,서울,2021-02-01,99
31,108,서울,2021-02-02,39
32,108,서울,2021-02-03,49
33,108,서울,2021-02-04,35
34,108,서울,2021-02-05,41
35,108,서울,2021-02-06,108
36,108,서울,2021-02-07,118
37,108,서울,2021-02-08,34
38,108,서울,2021-02-09,31
39,108,서울,2021-02-10,56
40,108,서울,2021-02-11,106
41,108,서울,2021-02-12,123
42,108,서울,2021-02-13,116
43,108,서울,2021-02-14,115
44,108,서울,2021-02-15,78
45,108,서울,2021-02-16,36
46,108,서울,2021-02-17,64
47,108,서울,2021-02-18,58
48,108,서울,2021-02-19,67
49,108,서울,2021-02-20,99
50,108,서울,2021-02-21,108
51,108,서울,2021-02-22,69
52,108,서울,2021-02-23,69
53,108,서울,2021-02-24,66
54,108,서울,2021-02-25,73
55,108,서울,2021-02-26,42
56,108,서울,2021-02-27,23
57,108,서울,2021-02-28,32
58,108,서울,2021-03-02,18
59,108,서울,2021-03-03,57
60,108,서울,2021-03-04,66
61,108,서울,2021-03-05,56
62,108,서울,2021-03-06,39
63,108,서울,2021-03-07,37
64,108,서울,2021-03-08,55
65,108,서울,2021-03-09,63
66,108,서울,2021-03-10,129
67,108,서울,2021-03-11,156
68,108,서울,2021-03-12,89
69,108,서울,2021-03-13,74
70,108,서울,2021-03-14,117
71,108,서울,2021-03-15,128
72,108,서울,2021-03-16,129
73,108,서울,2021-03-17,121
74,108,서울,2021-03-18,132
75,108,서울,2021-03-19,85
76,108,서울,2021-03-20,46
77,108,서울,2021-03-21,58
78,108,서울,2021-03-22,50
79,108,서울,2021-03-23,108
80,108,서울,2021-03-24,89
81,108,서울,2021-03-25,95
82,108,서울,2021-03-26,159
83,108,서울,2021-03-27,107
84,108,서울,2021-03-29,389
85,108,서울,2021-03-30,189
86,108,서울,2021-03-31,50
87,108,서울,2021-04-01,52
88,108,서울,2021-04-02,57
89,108,서울,2021-04-03,51
90,108,서울,2021-04-05,30
91,108,서울,2021-04-06,54
92,108,서울,2021-04-07,72
93,108,서울,2021-04-08,41
94,108,서울,2021-04-09,42
95,108,서울,2021-04-10,45
96,108,서울,2021-04-11,59
97,108,서울,2021-04-12,62
98,108,서울,2021-04-13,24
99,108,서울,2021-04-14,50
100,108,서울,2021-04-15,71
101,108,서울,2021-04-16,103
102,108,서울,2021-04-17,105
103,108,서울,2021-04-18,50
104,108,서울,2021-04-19,69
105,108,서울,2021-04-20,78
106,108,서울,2021-04-21,81
107,108,서울,2021-04-22,78
108,108,서울,2021-04-23,41
109,108,서울,2021-04-24,24
110,108,서울,2021-04-25,26
111,108,서울,2021-04-26,29
112,108,서울,2021-04-27,35
113,108,서울,2021-04-28,58
114,108,서울,2021-04-29,59
115,108,서울,2021-04-30,40
116,108,서울,2021-05-01,33
117,108,서울,2021-05-02,19
118,108,서울,2021-05-03,41
119,108,서울,2021-05-04,36
120,108,서울,2021-05-05,38
121,108,서울,2021-05-06,56
122,108,서울,2021-05-07,298
123,108,서울,2021-05-08,384
124,108,서울,2021-05-09,47
125,108,서울,2021-05-10,26
126,108,서울,2021-05-11,24
127,108,서울,2021-05-12,24
128,108,서울,2021-05-13,46
129,108,서울,2021-05-14,58
130,108,서울,2021-05-15,66
131,108,서울,2021-05-16,14
132,108,서울,2021-05-17,16
133,108,서울,2021-05-18,39
134,108,서울,2021-05-19,41
135,108,서울,2021-05-20,27
136,108,서울,2021-05-21,22
137,108,서울,2021-05-22,40
138,108,서울,2021-05-23,52
139,108,서울,2021-05-24,110
140,108,서울,2021-05-25,86
141,108,서울,2021-05-26,44
142,108,서울,2021-05-27,53
143,108,서울,2021-05-29,31
144,108,서울,2021-05-31,59
145,108,서울,2021-06-01,52
146,108,서울,2021-06-02,62
147,108,서울,2021-06-03,45
148,108,서울,2021-06-04,34
149,108,서울,2021-06-05,57
150,108,서울,2021-06-06,72
151,108,서울,2021-06-07,43
152,108,서울,2021-06-08,57
153,108,서울,2021-06-09,44
154,108,서울,2021-06-10,59
155,108,서울,2021-06-11,29
156,108,서울,2021-06-12,34
157,108,서울,2021-06-13,36
158,108,서울,2021-06-14,54
159,108,서울,2021-06-15,40
160,108,서울,2021-06-16,19
161,108,서울,2021-06-17,26
162,108,서울,2021-06-18,32
163,108,서울,2021-06-19,65
164,108,서울,2021-06-20,65
165,108,서울,2021-06-21,56
166,108,서울,2021-06-22,33
167,108,서울,2021-06-23,22
168,108,서울,2021-06-24,40
169,108,서울,2021-06-25,52
170,108,서울,2021-06-26,32
171,108,서울,2021-06-27,26
172,108,서울,2021-06-28,28
173,108,서울,2021-06-29,38
174,108,서울,2021-06-30,53
175,108,서울,2021-07-01,42
176,108,서울,2021-07-02,27
177,108,서울,2021-07-03,16
178,108,서울,2021-07-04,15
179,108,서울,2021-07-05,29
180,108,서울,2021-07-06,50
181,108,서울,2021-07-07,57
182,108,서울,2021-07-08,33
183,108,서울,2021-07-09,21
184,108,서울,2021-07-10,37
185,108,서울,2021-07-11,43
186,108,서울,2021-07-12,32
187,108,서울,2021-07-13,41
188,108,서울,2021-07-14,27
189,108,서울,2021-07-15,24
190,108,서울,2021-07-16,21
191,108,서울,2021-07-17,19
192,108,서울,2021-07-18,22
193,108,서울,2021-07-19,22
194,108,서울,2021-07-20,24
195,108,서울,2021-07-21,26
196,108,서울,2021-07-22,29
197,108,서울,2021-07-23,37
198,108,서울,2021-07-24,37
199,108,서울,2021-07-25,28
200,108,서울,2021-07-26,29
201,108,서울,2021-07-27,29
202,108,서울,2021-07-28,38
203,108,서울,2021-07-29,46
204,108,서울,2021-07-30,30
205,108,서울,2021-07-31,25
206,108,서울,2021-08-01,40
207,108,서울,2021-08-02,20
208,108,서울,2021-08-03,27
209,108,서울,2021-08-04,25
210,108,서울,2021-08-05,25
211,108,서울,2021-08-06,19
212,108,서울,2021-08-07,17
213,108,서울,2021-08-08,23
214,108,서울,2021-08-09,16
215,108,서울,2021-08-10,21
216,108,서울,2021-08-11,39
217,108,서울,2021-08-12,37
218,108,서울,2021-08-13,29
219,108,서울,2021-08-14,16
220,108,서울,2021-08-15,18
221,108,서울,2021-08-16,23
222,108,서울,2021-08-17,22
223,108,서울,2021-08-18,19
224,108,서울,2021-08-19,18
225,108,서울,2021-08-20,24
226,108,서울,2021-08-21,23
227,108,서울,2021-08-22,28
228,108,서울,2021-08-23,36
229,108,서울,2021-08-24,19
230,108,서울,2021-08-25,21
231,108,서울,2021-08-26,48
232,108,서울,2021-08-27,36
233,108,서울,2021-08-28,45
234,108,서울,2021-08-29,42
235,108,서울,2021-08-30,46
236,108,서울,2021-08-31,37
237,108,서울,2021-09-01,9
238,108,서울,2021-09-02,17
239,108,서울,2021-09-03,17
240,108,서울,2021-09-04,12
241,108,서울,2021-09-05,14
242,108,서울,2021-09-06,19
243,108,서울,2021-09-07,14
244,108,서울,2021-09-08,15
245,108,서울,2021-09-09,40
246,108,서울,2021-09-10,41
247,108,서울,2021-09-11,36
248,108,서울,2021-09-12,21
249,108,서울,2021-09-13,25
250,108,서울,2021-09-14,20
251,108,서울,2021-09-15,16
252,108,서울,2021-09-16,14
253,108,서울,2021-09-17,16
254,108,서울,2021-09-18,16
255,108,서울,2021-09-19,14
256,108,서울,2021-09-20,15
257,108,서울,2021-09-21,22
258,108,서울,2021-09-22,18
259,108,서울,2021-09-23,18
260,108,서울,2021-09-24,20
261,108,서울,2021-09-25,12
262,108,서울,2021-09-26,10
263,108,서울,2021-09-27,14
264,108,서울,2021-09-28,14
265,108,서울,2021-09-29,19
266,108,서울,2021-09-30,26
267,108,서울,2021-10-01,39
268,108,서울,2021-10-03,39
269,108,서울,2021-10-04,36
270,108,서울,2021-10-05,32
271,108,서울,2021-10-06,12
272,108,서울,2021-10-07,17
273,108,서울,2021-10-08,28
274,108,서울,2021-10-09,13
275,108,서울,2021-10-10,24
276,108,서울,2021-10-11,24
277,108,서울,2021-10-12,14
278,108,서울,2021-10-13,16
279,108,서울,2021-10-14,24
280,108,서울,2021-10-15,26
281,108,서울,2021-10-16,30
282,108,서울,2021-10-17,21
283,108,서울,2021-10-18,27
284,108,서울,2021-10-19,43
285,108,서울,2021-10-20,33
286,108,서울,2021-10-21,35
287,108,서울,2021-10-22,39
288,108,서울,2021-10-23,39
289,108,서울,2021-10-24,33
290,108,서울,2021-10-25,31
291,108,서울,2021-10-26,57
292,108,서울,2021-10-27,59
293,108,서울,2021-10-28,31
294,108,서울,2021-10-29,22
295,108,서울,2021-10-30,25
296,108,서울,2021-10-31,40
297,108,서울,2021-11-01,48
298,108,서울,2021-11-02,47
299,108,서울,2021-11-03,49
300,108,서울,2021-11-04,69
301,108,서울,2021-11-05,74
302,108,서울,2021-11-06,63
303,108,서울,2021-11-07,32
304,108,서울,2021-11-08,15
305,108,서울,2021-11-09,13
306,108,서울,2021-11-10,19
307,108,서울,2021-11-11,19
308,108,서울,2021-11-12,20
309,108,서울,2021-11-13,25
310,108,서울,2021-11-14,54
311,108,서울,2021-11-15,50
312,108,서울,2021-11-16,44
313,108,서울,2021-11-17,33
314,108,서울,2021-11-18,57
315,108,서울,2021-11-19,102
316,108,서울,2021-11-20,140
317,108,서울,2021-11-23,23
318,108,서울,2021-11-24,25
319,108,서울,2021-11-25,40
320,108,서울,2021-11-26,25
321,108,서울,2021-11-27,41
322,108,서울,2021-11-28,59
323,108,서울,2021-11-29,66
324,108,서울,2021-11-30,31
325,108,서울,2021-12-01,19
326,108,서울,2021-12-02,25
327,108,서울,2021-12-03,22
328,108,서울,2021-12-04,22
329,108,서울,2021-12-05,40
330,108,서울,2021-12-06,49
331,108,서울,2021-12-07,50
332,108,서울,2021-12-08,41
333,108,서울,2021-12-09,37
334,108,서울,2021-12-10,33
335,108,서울,2021-12-11,69
336,108,서울,2021-12-12,42
337,108,서울,2021-12-13,20
338,108,서울,2021-12-14,36
339,108,서울,2021-12-15,81
340,108,서울,2021-12-16,85
341,108,서울,2021-12-17,33
342,108,서울,2021-12-18,26
343,108,서울,2021-12-19,28
344,108,서울,2021-12-20,52
345,108,서울,2021-12-21,59
346,108,서울,2021-12-22,34
347,108,서울,2021-12-23,43
348,108,서울,2021-12-24,54
349,108,서울,2021-12-25,26
350,108,서울,2021-12-26,19
351,108,서울,2021-12-27,33
352,108,서울,2021-12-28,60
353,108,서울,2021-12-29,70
354,108,서울,2021-12-30,30
355,108,서울,2021-12-31,21
356,108,서울,2022-01-01,34
357,108,서울,2022-01-02,42
358,108,서울,2022-01-03,28
359,108,서울,2022-01-04,37
360,108,서울,2022-01-05,52
361,108,서울,2022-01-06,59
362,108,서울,2022-01-07,65
363,108,서울,2022-01-08,70
364,108,서울,2022-01-09,129
365,108,서울,2022-01-10,97
366,108,서울,2022-01-11,33
367,108,서울,2022-01-12,27
368,108,서울,2022-01-13,29
369,108,서울,2022-01-14,32
370,108,서울,2022-01-15,52
371,108,서울,2022-01-16,46
372,108,서울,2022-01-17,30
373,108,서울,2022-01-18,38
374,108,서울,2022-01-19,56
375,108,서울,2022-01-20,46
376,108,서울,2022-01-21,44
377,108,서울,2022-01-22,68
378,108,서울,2022-01-23,79
379,108,서울,2022-01-24,24
380,108,서울,2022-01-25,37
381,108,서울,2022-01-26,66
382,108,서울,2022-01-27,64
383,108,서울,2022-01-28,34
384,108,서울,2022-01-29,32
385,108,서울,2022-01-30,36
386,108,서울,2022-01-31,41
387,108,서울,2022-02-01,52
388,108,서울,2022-02-02,35
389,108,서울,2022-02-03,28
390,108,서울,2022-02-04,25
391,108,서울,2022-02-05,25
392,108,서울,2022-02-06,23
393,108,서울,2022-02-07,30
394,108,서울,2022-02-08,33
395,108,서울,2022-02-09,44
396,108,서울,2022-02-10,55
397,108,서울,2022-02-11,104
398,108,서울,2022-02-12,97
399,108,서울,2022-02-13,60
400,108,서울,2022-02-14,50
401,108,서울,2022-02-16,32
402,108,서울,2022-02-17,34
403,108,서울,2022-02-18,51
404,108,서울,2022-02-19,48
405,108,서울,2022-02-20,36
406,108,서울,2022-02-21,33
407,108,서울,2022-02-22,34
408,108,서울,2022-02-23,30
409,108,서울,2022-02-24,33
410,108,서울,2022-02-25,69
411,108,서울,2022-02-26,61
412,108,서울,2022-02-27,52
413,108,서울,2022-02-28,46
414,108,서울,2022-03-01,34
415,108,서울,2022-03-02,30
416,108,서울,2022-03-03,48
417,108,서울,2022-03-04,88
418,108,서울,2022-03-05,111
419,108,서울,2022-03-06,49
420,108,서울,2022-03-08,58
421,108,서울,2022-03-09,63
422,108,서울,2022-03-10,65
423,108,서울,2022-03-11,70
424,108,서울,2022-03-12,67
425,108,서울,2022-03-13,15
426,108,서울,2022-03-15,43
427,108,서울,2022-03-16,65
428,108,서울,2022-03-17,59
429,108,서울,2022-03-20,25
430,108,서울,2022-03-21,32
431,108,서울,2022-03-22,39
432,108,서울,2022-03-23,33
433,108,서울,2022-03-24,45
434,108,서울,2022-03-25,64
435,108,서울,2022-03-27,35
436,108,서울,2022-03-28,39
437,108,서울,2022-03-29,40
438,108,서울,2022-03-30,36
439,108,서울,2022-03-31,24
440,108,서울,2022-04-02,34
441,108,서울,2022-04-03,45
442,108,서울,2022-04-04,50
443,108,서울,2022-04-05,41
444,108,서울,2022-04-06,50
445,108,서울,2022-04-07,40
446,108,서울,2022-04-08,54
447,108,서울,2022-04-09,58
448,108,서울,2022-04-10,51
449,108,서울,2022-04-11,36
450,108,서울,2022-04-12,27
451,108,서울,2022-04-13,13
452,108,서울,2022-04-14,14
453,108,서울,2022-04-16,39
454,108,서울,2022-04-17,47
455,108,서울,2022-04-18,50
456,108,서울,2022-04-19,60
457,108,서울,2022-04-20,59
458,108,서울,2022-04-21,43
459,108,서울,2022-04-22,52
460,108,서울,2022-04-23,53
461,108,서울,2022-04-24,50
462,108,서울,2022-04-25,44
463,108,서울,2022-04-26,47
464,108,서울,2022-04-27,169
465,108,서울,2022-04-28,77
466,108,서울,2022-04-30,25
467,108,서울,2022-05-01,48
468,108,서울,2022-05-02,45
469,108,서울,2022-05-03,40
470,108,서울,2022-05-04,42
471,108,서울,2022-05-05,34
472,108,서울,2022-05-06,38
473,108,서울,2022-05-07,31
474,108,서울,2022-05-08,20
475,108,서울,2022-05-09,20
476,108,서울,2022-05-10,29
477,108,서울,2022-05-11,30
478,108,서울,2022-05-12,34
479,108,서울,2022-05-13,30
480,108,서울,2022-05-14,35
481,108,서울,2022-05-15,27
482,108,서울,2022-05-16,33
483,108,서울,2022-05-17,56
484,108,서울,2022-05-18,60
485,108,서울,2022-05-19,46
486,108,서울,2022-05-20,38
487,108,서울,2022-05-21,36
488,108,서울,2022-05-22,39
489,108,서울,2022-05-23,69
490,108,서울,2022-05-24,35
491,108,서울,2022-05-25,25
492,108,서울,2022-05-26,26
493,108,서울,2022-05-27,26
494,108,서울,2022-05-28,35
495,108,서울,2022-05-29,31
496,108,서울,2022-05-30,28
497,108,서울,2022-05-31,28
498,108,서울,2022-06-01,26
499,108,서울,2022-06-02,29
500,108,서울,2022-06-03,41
501,108,서울,2022-06-04,38
502,108,서울,2022-06-05,24
503,108,서울,2022-06-08,19
504,108,서울,2022-06-09,24
505,108,서울,2022-06-10,27
506,108,서울,2022-06-11,28
507,108,서울,2022-06-12,25
508,108,서울,2022-06-13,27
509,108,서울,2022-06-14,13
510,108,서울,2022-06-15,14
511,108,서울,2022-06-16,18
512,108,서울,2022-06-17,25
513,108,서울,2022-06-18,21
514,108,서울,2022-06-19,26
515,108,서울,2022-06-20,25
516,108,서울,2022-06-21,29
517,108,서울,2022-06-22,28
518,108,서울,2022-06-23,27
519,108,서울,2022-06-25,47
520,108,서울,2022-06-26,23
521,108,서울,2022-06-27,12
522,108,서울,2022-06-28,18
523,108,서울,2022-06-29,14
524,108,서울,2022-07-01,20
525,108,서울,2022-07-02,29
526,108,서울,2022-07-03,36
527,108,서울,2022-07-04,38
528,108,서울,2022-07-05,34
529,108,서울,2022-07-06,32
530,108,서울,2022-07-07,22
531,108,서울,2022-07-08,22
532,108,서울,2022-07-09,23
533,108,서울,2022-07-10,41
534,108,서울,2022-07-11,26
535,108,서울,2022-07-12,14
536,108,서울,2022-07-13,16
537,108,서울,2022-07-14,14
538,108,서울,2022-07-15,25
539,108,서울,2022-07-16,27
540,108,서울,2022-07-17,26
541,108,서울,2022-07-18,26
542,108,서울,2022-07-19,34
543,108,서울,2022-07-20,31
544,108,서울,2022-07-21,13
545,108,서울,2022-07-22,29
546,108,서울,2022-07-23,33
547,108,서울,2022-07-24,18
548,108,서울,2022-07-25,24
549,108,서울,2022-07-26,33
550,108,서울,2022-07-27,38
551,108,서울,2022-07-28,28
552,108,서울,2022-07-29,25
553,108,서울,2022-07-30,23
554,108,서울,2022-07-31,13
555,108,서울,2022-08-01,21
556,108,서울,2022-08-03,26
557,108,서울,2022-08-04,21
558,108,서울,2022-08-05,18
559,108,서울,2022-08-06,33
560,108,서울,2022-08-07,26
561,108,서울,2022-08-10,20
562,108,서울,2022-08-11,15
563,108,서울,2022-08-12,27
564,108,서울,2022-08-13,28
565,108,서울,2022-08-14,23
566,108,서울,2022-08-15,24
567,108,서울,2022-08-16,24
568,108,서울,2022-08-17,24
569,108,서울,2022-08-18,23
570,108,서울,2022-08-19,26
571,108,서울,2022-08-20,25
572,108,서울,2022-08-21,27
573,108,서울,2022-08-22,24
574,108,서울,2022-08-23,18
575,108,서울,2022-08-24,18
576,108,서울,2022-08-25,19
577,108,서울,2022-08-26,33
578,108,서울,2022-08-27,20
579,108,서울,2022-08-28,18
580,108,서울,2022-08-29,13
581,108,서울,2022-08-30,8
582,108,서울,2022-08-31,11
583,108,서울,2022-09-01,19
584,108,서울,2022-09-02,18
585,108,서울,2022-09-03,13
586,108,서울,2022-09-04,12
587,108,서울,2022-09-07,31
588,108,서울,2022-09-08,30
589,108,서울,2022-09-09,22
590,108,서울,2022-09-10,14
591,108,서울,2022-09-11,20
592,108,서울,2022-09-12,22
593,108,서울,2022-09-13,19
594,108,서울,2022-09-14,19
595,108,서울,2022-09-15,21
596,108,서울,2022-09-16,24
597,108,서울,2022-09-17,21
598,108,서울,2022-09-18,22
599,108,서울,2022-09-19,16
600,108,서울,2022-09-20,26
601,108,서울,2022-09-21,30
602,108,서울,2022-09-22,31
603,108,서울,2022-09-23,26
604,108,서울,2022-09-24,20
605,108,서울,2022-09-25,24
606,108,서울,2022-09-26,27
607,108,서울,2022-09-27,27
608,108,서울,2022-09-28,36
609,108,서울,2022-09-29,52
610,108,서울,2022-09-30,50
611,108,서울,2022-10-01,48
612,108,서울,2022-10-02,31
613,108,서울,2022-10-03,14
614,108,서울,2022-10-04,17
615,108,서울,2022-10-05,19
616,108,서울,2022-10-07,15
617,108,서울,2022-10-09,10
618,108,서울,2022-10-11,24
619,108,서울,2022-10-12,25
620,108,서울,2022-10-13,24
621,108,서울,2022-10-14,28
622,108,서울,2022-10-15,34
623,108,서울,2022-10-16,38
624,108,서울,2022-10-17,30
625,108,서울,2022-10-18,25
626,108,서울,2022-10-19,28
627,108,서울,2022-10-20,39
628,108,서울,2022-10-21,50
629,108,서울,2022-10-22,35
630,108,서울,2022-10-23,37
631,108,서울,2022-10-24,28
632,108,서울,2022-10-27,32
633,108,서울,2022-10-28,43
634,108,서울,2022-10-29,26
635,108,서울,2022-10-30,26
636,108,서울,2022-10-31,27
637,108,서울,2022-11-01,42
638,108,서울,2022-11-02,33
639,108,서울,2022-11-03,28
640,108,서울,2022-11-04,27
641,108,서울,2022-11-05,34
642,108,서울,2022-11-06,29
643,108,서울,2022-11-07,36
644,108,서울,2022-11-08,41
645,108,서울,2022-11-09,65
646,108,서울,2022-11-10,69
647,108,서울,2022-11-11,53
648,108,서울,2022-11-12,45
649,108,서울,2022-11-13,17
650,108,서울,2022-11-14,23
651,108,서울,2022-11-15,31
652,108,서울,2022-11-16,27
653,108,서울,2022-11-17,38
654,108,서울,2022-11-18,38
655,108,서울,2022-11-19,31
656,108,서울,2022-11-20,29
657,108,서울,2022-11-21,36
658,108,서울,2022-11-22,53
659,108,서울,2022-11-23,37
660,108,서울,2022-11-24,49
661,108,서울,2022-11-25,52
662,108,서울,2022-11-26,64
663,108,서울,2022-11-27,22
664,108,서울,2022-11-28,30
665,108,서울,2022-11-29,17
666,108,서울,2022-11-30,24
667,108,서울,2022-12-01,25
668,108,서울,2022-12-02,23
669,108,서울,2022-12-03,36
670,108,서울,2022-12-04,16
671,108,서울,2022-12-05,22
672,108,서울,2022-12-06,30
673,108,서울,2022-12-07,37
674,108,서울,2022-12-08,31
675,108,서울,2022-12-09,39
676,108,서울,2022-12-10,37
677,108,서울,2022-12-11,43
678,108,서울,2022-12-12,32
679,108,서울,2022-12-13,247
680,108,서울,2022-12-14,59
681,108,서울,2022-12-15,34
682,108,서울,2022-12-16,31
683,108,서울,2022-12-17,25
684,108,서울,2022-12-18,23
685,108,서울,2022-12-19,23
686,108,서울,2022-12-20,33
687,108,서울,2022-12-21,39
688,108,서울,2022-12-22,30
689,108,서울,2022-12-23,22
690,108,서울,2022-12-24,30
691,108,서울,2022-12-25,41
692,108,서울,2022-12-26,46
693,108,서울,2022-12-27,46
694,108,서울,2022-12-28,35
695,108,서울,2022-12-29,30
696,108,서울,2022-12-30,34
697,108,서울,2022-12-31,48
698,108,서울,2023-01-01,55
699,108,서울,2023-01-02,26
700,108,서울,2023-01-03,30
701,108,서울,2023-01-04,35
702,108,서울,2023-01-05,48
703,108,서울,2023-01-06,72
704,108,서울,2023-01-07,126
705,108,서울,2023-01-08,161
706,108,서울,2023-01-09,106
707,108,서울,2023-01-10,68
708,108,서울,2023-01-11,75
709,108,서울,2023-01-12,50
710,108,서울,2023-01-13,16
711,108,서울,2023-01-16,23
712,108,서울,2023-01-17,34
713,108,서울,2023-01-18,58
714,108,서울,2023-01-19,73
715,108,서울,2023-01-20,75
716,108,서울,2023-01-21,28
717,108,서울,2023-01-22,30
718,108,서울,2023-01-23,60
719,108,서울,2023-01-24,34
720,108,서울,2023-01-25,24
721,108,서울,2023-01-26,30
722,108,서울,2023-01-27,48
723,108,서울,2023-01-28,43
724,108,서울,2023-01-29,55
725,108,서울,2023-01-30,51
726,108,서울,2023-01-31,42
727,108,서울,2023-02-01,63
728,108,서울,2023-02-02,50
729,108,서울,2023-02-03,43
730,108,서울,2023-02-04,39
731,108,서울,2023-02-05,63
732,108,서울,2023-02-06,70
733,108,서울,2023-02-07,74
734,108,서울,2023-02-08,68
735,108,서울,2023-02-09,35
736,108,서울,2023-02-10,21
737,108,서울,2023-02-11,41
738,108,서울,2023-02-12,67
739,108,서울,2023-02-13,31
740,108,서울,2023-02-14,42
741,108,서울,2023-02-15,18
742,108,서울,2023-02-16,26
743,108,서울,2023-02-17,40
744,108,서울,2023-02-18,76
745,108,서울,2023-02-19,39
746,108,서울,2023-02-20,46
747,108,서울,2023-02-21,34
748,108,서울,2023-02-22,40
749,108,서울,2023-02-23,39
750,108,서울,2023-02-24,44
751,108,서울,2023-02-25,42
752,108,서울,2023-02-26,38
753,108,서울,2023-02-27,47
754,108,서울,2023-02-28,33
755,108,서울,2023-03-01,33
756,108,서울,2023-03-02,61
757,108,서울,2023-03-03,44
758,108,서울,2023-03-04,65
759,108,서울,2023-03-05,61
760,108,서울,2023-03-06,49
761,108,서울,2023-03-07,59
762,108,서울,2023-03-08,61
763,108,서울,2023-03-09,59
764,108,서울,2023-03-10,96
765,108,서울,2023-03-11,104
766,108,서울,2023-03-12,54
767,108,서울,2023-03-13,40
768,108,서울,2023-03-14,47
769,108,서울,2023-03-15,55
770,108,서울,2023-03-16,71
771,108,서울,2023-03-17,46
772,108,서울,2023-03-18,66
773,108,서울,2023-03-19,98
774,108,서울,2023-03-20,78
775,108,서울,2023-03-21,55
776,108,서울,2023-03-22,63
777,108,서울,2023-03-23,129
778,108,서울,2023-03-24,161
779,108,서울,2023-03-25,117
780,108,서울,2023-03-26,68
781,108,서울,2023-03-27,51
782,108,서울,2023-03-28,66
783,108,서울,2023-03-29,71
784,108,서울,2023-03-30,91
785,108,서울,2023-03-31,103
786,108,서울,2023-04-01,88
787,108,서울,2023-04-02,52
788,108,서울,2023-04-03,52
789,108,서울,2023-04-04,32
790,108,서울,2023-04-06,63
791,108,서울,2023-04-07,93
792,108,서울,2023-04-08,46
793,108,서울,2023-04-09,67
794,108,서울,2023-04-10,48
795,108,서울,2023-04-11,68
796,108,서울,2023-04-12,333
797,108,서울,2023-04-13,226
798,108,서울,2023-04-14,109
799,108,서울,2023-04-15,61
800,108,서울,2023-04-16,118
801,108,서울,2023-04-17,117
802,108,서울,2023-04-18,55
803,108,서울,2023-04-19,44
804,108,서울,2023-04-20,15
805,108,서울,2023-04-21,64
806,108,서울,2023-04-22,62
807,108,서울,2023-04-23,59
808,108,서울,2023-04-24,60
809,108,서울,2023-04-25,31
810,108,서울,2023-04-26,28
811,108,서울,2023-04-27,43
812,108,서울,2023-04-28,38
813,108,서울,2023-04-29,25
814,108,서울,2023-04-30,47
815,108,서울,2023-05-01,54
816,108,서울,2023-05-02,39
817,108,서울,2023-05-03,47
818,108,서울,2023-05-04,48
819,108,서울,2023-05-07,36
820,108,서울,2023-05-08,42
821,108,서울,2023-05-09,57
822,108,서울,2023-05-10,59
823,108,서울,2023-05-11,51
824,108,서울,2023-05-12,52
825,108,서울,2023-05-13,38
826,108,서울,2023-05-14,25
827,108,서울,2023-05-15,38
828,108,서울,2023-05-16,62
829,108,서울,2023-05-17,37
830,108,서울,2023-05-18,33
831,108,서울,2023-05-19,24
832,108,서울,2023-05-20,28
833,108,서울,2023-05-21,89
834,108,서울,2023-05-22,148
835,108,서울,2023-05-23,67
836,108,서울,2023-05-24,40
837,108,서울,2023-05-25,37
838,108,서울,2023-05-26,35
839,108,서울,2023-05-27,26
840,108,서울,2023-05-28,11
841,108,서울,2023-05-29,19
842,108,서울,2023-05-30,34
843,108,서울,2023-05-31,31
844,108,서울,2023-06-01,38
845,108,서울,2023-06-02,29
846,108,서울,2023-06-03,38
847,108,서울,2023-06-04,39
848,108,서울,2023-06-05,32
849,108,서울,2023-06-06,22
850,108,서울,2023-06-07,37
851,108,서울,2023-06-08,22
852,108,서울,2023-06-10,34
853,108,서울,2023-06-11,24
854,108,서울,2023-06-12,29
855,108,서울,2023-06-13,27
856,108,서울,2023-06-14,26
857,108,서울,2023-06-15,30
858,108,서울,2023-06-16,25
859,108,서울,2023-06-17,21
860,108,서울,2023-06-18,26
861,108,서울,2023-06-19,50
862,108,서울,2023-06-20,36
863,108,서울,2023-06-21,11
864,108,서울,2023-06-22,23
865,108,서울,2023-06-23,33
866,108,서울,2023-06-24,39
867,108,서울,2023-06-25,32
868,108,서울,2023-06-26,16
869,108,서울,2023-06-27,18
870,108,서울,2023-06-28,33
871,108,서울,2023-06-29,33
872,108,서울,2023-06-30,33
873,108,서울,2023-07-01,27
874,108,서울,2023-07-02,21
875,108,서울,2023-07-03,33
876,108,서울,2023-07-04,33
877,108,서울,2023-07-05,26
878,108,서울,2023-07-06,49
879,108,서울,2023-07-07,47
880,108,서울,2023-07-08,13
881,108,서울,2023-07-10,32
882,108,서울,2023-07-11,20
883,108,서울,2023-07-12,25
884,108,서울,2023-07-13,24
885,108,서울,2023-07-14,17
886,108,서울,2023-07-15,22
887,108,서울,2023-07-16,31
888,108,서울,2023-07-17,27
889,108,서울,2023-07-18,21
890,108,서울,2023-07-19,32
891,108,서울,2023-07-20,56
892,108,서울,2023-07-21,65
893,108,서울,2023-07-22,33
894,108,서울,2023-07-23,10
895,108,서울,2023-07-24,21
896,108,서울,2023-07-25,18
897,108,서울,2023-07-26,14
898,108,서울,2023-07-27,24
899,108,서울,2023-07-28,33
900,108,서울,2023-07-29,33
901,108,서울,2023-07-30,19
902,108,서울,2023-07-31,32
903,108,서울,2023-08-01,31
904,108,서울,2023-08-02,33
905,108,서울,2023-08-03,23
906,108,서울,2023-08-04,22
907,108,서울,2023-08-05,20
908,108,서울,2023-08-06,23
909,108,서울,2023-08-07,11
910,108,서울,2023-08-11,19
911,108,서울,2023-08-12,18
912,108,서울,2023-08-13,29
913,108,서울,2023-08-14,40
914,108,서울,2023-08-15,28
915,108,서울,2023-08-16,21
916,108,서울,2023-08-17,28
917,108,서울,2023-08-18,38
918,108,서울,2023-08-19,26
919,108,서울,2023-08-20,26
920,108,서울,2023-08-21,25
921,108,서울,2023-08-22,22
922,108,서울,2023-08-23,10
923,108,서울,2023-08-24,10
924,108,서울,2023-08-25,20
925,108,서울,2023-08-26,38
926,108,서울,2023-08-27,29
927,108,서울,2023-08-28,14
928,108,서울,2023-08-29,16
929,108,서울,2023-08-30,19
930,108,서울,2023-08-31,21
931,108,서울,2023-09-01,26
932,108,서울,2023-09-02,30
933,108,서울,2023-09-03,21
934,108,서울,2023-09-04,20
935,108,서울,2023-09-05,19
936,108,서울,2023-09-06,19
937,108,서울,2023-09-07,18
938,108,서울,2023-09-09,32
939,108,서울,2023-09-10,38
940,108,서울,2023-09-11,29
941,108,서울,2023-09-12,31
942,108,서울,2023-09-13,23
943,108,서울,2023-09-14,10
944,108,서울,2023-09-15,10
945,108,서울,2023-09-16,11
946,108,서울,2023-09-17,17
947,108,서울,2023-09-18,19
948,108,서울,2023-09-19,28
949,108,서울,2023-09-20,22
950,108,서울,2023-09-22,25
951,108,서울,2023-09-23,19
952,108,서울,2023-09-24,13
953,108,서울,2023-09-25,14
954,108,서울,2023-09-27,12
955,108,서울,2023-09-28,49
956,108,서울,2023-09-29,32
957,108,서울,2023-09-30,29
958,108,서울,2023-10-01,28
959,108,서울,2023-10-02,21
960,108,서울,2023-10-03,21
961,108,서울,2023-10-04,22
962,108,서울,2023-10-05,36
963,108,서울,2023-10-06,27
964,108,서울,2023-10-07,24
965,108,서울,2023-10-08,12
966,108,서울,2023-10-09,16
967,108,서울,2023-10-10,29
968,108,서울,2023-10-11,27
969,108,서울,2023-10-12,30
970,108,서울,2023-10-13,38
971,108,서울,2023-10-14,25
972,108,서울,2023-10-15,26
973,108,서울,2023-10-16,46
974,108,서울,2023-10-17,37
975,108,서울,2023-10-18,33
976,108,서울,2023-10-19,30
977,108,서울,2023-10-20,19
978,108,서울,2023-10-21,21
979,108,서울,2023-10-22,27
980,108,서울,2023-10-23,29
981,108,서울,2023-10-24,32
982,108,서울,2023-10-25,34
983,108,서울,2023-10-26,46
984,108,서울,2023-10-27,28
985,108,서울,2023-10-28,36
986,108,서울,2023-10-29,31
987,108,서울,2023-10-30,40
988,108,서울,2023-10-31,43
989,108,서울,2023-11-01,45
990,108,서울,2023-11-02,37
991,108,서울,2023-11-03,31
992,108,서울,2023-11-04,50
993,108,서울,2023-11-05,17
994,108,서울,2023-11-06,18
995,108,서울,2023-11-07,20
996,108,서울,2023-11-08,27
997,108,서울,2023-11-09,29
998,108,서울,2023-11-11,19
999,108,서울,2023-11-12,19
1000,108,서울,2023-11-13,25
1001,108,서울,2023-11-14,32
1002,108,서울,2023-11-15,38
1003,108,서울,2023-11-16,36
1004,108,서울,2023-11-17,18
1005,108,서울,2023-11-18,24
1006,108,서울,2023-11-19,38
1007,108,서울,2023-11-20,33
1008,108,서울,2023-11-21,32
1009,108,서울,2023-11-22,33
1010,108,서울,2023-11-23,92
1011,108,서울,2023-11-24,15
1012,108,서울,2023-11-25,19
1013,108,서울,2023-11-26,25
1014,108,서울,2023-11-27,37
1015,108,서울,2023-11-28,29
1016,108,서울,2023-11-29,18
1017,108,서울,2023-11-30,19
1018,108,서울,2023-12-01,25
1019,108,서울,2023-12-02,33
1020,108,서울,2023-12-03,38
1021,108,서울,2023-12-04,36
1022,108,서울,2023-12-05,35
1023,108,서울,2023-12-06,54
1024,108,서울,2023-12-07,71
1025,108,서울,2023-12-08,96
1026,108,서울,2023-12-09,73
1027,108,서울,2023-12-10,78
1028,108,서울,2023-12-13,14
1029,108,서울,2023-12-16,27
1030,108,서울,2023-12-17,16
1031,108,서울,2023-12-18,14
1032,108,서울,2023-12-19,23
1033,108,서울,2023-12-20,48
1034,108,서울,2023-12-21,23
1035,108,서울,2023-12-22,25
1036,108,서울,2023-12-23,31
1037,108,서울,2023-12-24,27
1038,108,서울,2023-12-25,32
1039,108,서울,2023-12-26,46
1040,108,서울,2023-12-27,72
1041,108,서울,2023-12-28,46
1042,108,서울,2023-12-29,40
1043,108,서울,2023-12-30,31
1044,108,서울,2023-12-31,23
1045,108,서울,2024-01-01,22
1046,108,서울,2024-01-02,38
1047,108,서울,2024-01-03,40
1048,108,서울,2024-01-04,56
1049,108,서울,2024-01-05,77
1050,108,서울,2024-01-06,24
1051,108,서울,2024-01-07,26
1052,108,서울,2024-01-08,24
1053,108,서울,2024-01-09,30
1054,108,서울,2024-01-10,63
1055,108,서울,2024-01-11,56
1056,108,서울,2024-01-12,52
1057,108,서울,2024-01-13,28
1058,108,서울,2024-01-14,31
1059,108,서울,2024-01-15,24
1060,108,서울,2024-01-16,31
1061,108,서울,2024-01-17,27
1062,108,서울,2024-01-18,21
1063,108,서울,2024-01-19,16
1064,108,서울,2024-01-21,18
1065,108,서울,2024-01-22,33
1066,108,서울,2024-01-23,24
1067,108,서울,2024-01-24,28
1068,108,서울,2024-01-25,24
1069,108,서울,2024-01-26,32
1070,108,서울,2024-01-27,42
1071,108,서울,2024-01-28,28
1072,108,서울,2024-01-29,39
1073,108,서울,2024-01-30,52
1074,108,서울,2024-01-31,49
1075,108,서울,2024-02-01,83
1076,108,서울,2024-02-02,40
1077,108,서울,2024-02-03,27
1078,108,서울,2024-02-04,22
1079,108,서울,2024-02-06,16
1080,108,서울,2024-02-07,34
1081,108,서울,2024-02-08,38
1082,108,서울,2024-02-09,33
1083,108,서울,2024-02-10,46
1084,108,서울,2024-02-11,69
1085,108,서울,2024-02-12,64
1086,108,서울,2024-02-13,73
1087,108,서울,2024-02-14,50
1088,108,서울,2024-02-15,18
1089,108,서울,2024-02-16,29
1090,108,서울,2024-02-17,36
1091,108,서울,2024-02-18,25
1092,108,서울,2024-02-19,14
1093,108,서울,2024-02-20,38
1094,108,서울,2024-02-23,11
1095,108,서울,2024-02-24,14
1096,108,서울,2024-02-25,16
1097,108,서울,2024-02-26,32
1098,108,서울,2024-02-27,19
1099,108,서울,2024-02-28,34
1100,108,서울,2024-02-29,52
1101,108,서울,2024-03-01,41
1102,108,서울,2024-03-02,43
1103,108,서울,2024-03-03,116
1104,108,서울,2024-03-04,67
1105,108,서울,2024-03-05,43
1106,108,서울,2024-03-06,14
1107,108,서울,2024-03-07,29
1108,108,서울,2024-03-08,43
1109,108,서울,2024-03-09,35
1110,108,서울,2024-03-10,30
1111,108,서울,2024-03-11,29
1112,108,서울,2024-03-12,27
1113,108,서울,2024-03-13,46
1114,108,서울,2024-03-14,57
1115,108,서울,2024-03-15,39
1116,108,서울,2024-03-16,37
1117,108,서울,2024-03-17,104
1118,108,서울,2024-03-18,27
1119,108,서울,2024-03-19,51
1120,108,서울,2024-03-20,39
1121,108,서울,2024-03-21,35
1122,108,서울,2024-03-22,44
1123,108,서울,2024-03-23,62
1124,108,서울,2024-03-24,40
1125,108,서울,2024-03-28,25
1126,108,서울,2024-03-29,277
1127,108,서울,2024-03-30,104
1128,108,서울,2024-03-31,50
1129,108,서울,2024-04-01,48
1130,108,서울,2024-04-02,54
1131,108,서울,2024-04-03,36
1132,108,서울,2024-04-04,34
1133,108,서울,2024-04-05,44
1134,108,서울,2024-04-06,60
1135,108,서울,2024-04-07,54
1136,108,서울,2024-04-08,50
1137,108,서울,2024-04-09,50
1138,108,서울,2024-04-10,46
1139,108,서울,2024-04-11,52
1140,108,서울,2024-04-12,51
1141,108,서울,2024-04-13,50
1142,108,서울,2024-04-14,44
1143,108,서울,2024-04-15,23
1144,108,서울,2024-04-16,99
1145,108,서울,2024-04-17,152
1146,108,서울,2024-04-18,137
1147,108,서울,2024-04-19,105
1148,108,서울,2024-04-20,70
1149,108,서울,2024-04-21,27
1150,108,서울,2024-04-22,33
1151,108,서울,2024-04-23,22
1152,108,서울,2024-04-24,16
1153,108,서울,2024-04-25,31
1154,108,서울,2024-04-26,70
1155,108,서울,2024-04-27,50
1156,108,서울,2024-04-28,41
1157,108,서울,2024-04-29,47
1158,108,서울,2024-04-30,63
1159,108,서울,2024-05-01,30
1160,108,서울,2024-05-02,39
1161,108,서울,2024-05-03,49
1162,108,서울,2024-05-04,52
1163,108,서울,2024-05-05,24
1164,108,서울,2024-05-07,23
1165,108,서울,2024-05-08,26
1166,108,서울,2024-05-09,35
1167,108,서울,2024-05-10,30
1168,108,서울,2024-05-11,23
1169,108,서울,2024-05-12,75
1170,108,서울,2024-05-13,34
1171,108,서울,2024-05-14,29
1172,108,서울,2024-05-18,28
1173,108,서울,2024-05-19,25
1174,108,서울,2024-05-20,30
1175,108,서울,2024-05-21,40
1176,108,서울,2024-05-22,47
1177,108,서울,2024-05-23,31
1178,108,서울,2024-05-24,34
1179,108,서울,2024-05-25,35
1180,108,서울,2024-05-26,26
1181,108,서울,2024-05-27,28
1182,108,서울,2024-05-28,18
1183,108,서울,2024-05-29,27
1184,108,서울,2024-05-30,27
1185,108,서울,2024-05-31,25
1186,108,서울,2024-06-01,28
1187,108,서울,2024-06-02,22
1188,108,서울,2024-06-04,19
1189,108,서울,2024-06-05,40
1190,108,서울,2024-06-06,43
1191,108,서울,2024-06-07,31
1192,108,서울,2024-06-08,21
1193,108,서울,2024-06-09,24
1194,108,서울,2024-06-10,45
1195,108,서울,2024-06-11,56
1196,108,서울,2024-06-12,32
1197,108,서울,2024-06-13,32
1198,108,서울,2024-06-14,35
1199,108,서울,2024-06-15,26
1200,108,서울,2024-06-16,22
1201,108,서울,2024-06-17,23
1202,108,서울,2024-06-18,27
1203,108,서울,2024-06-19,42
1204,108,서울,2024-06-20,42
1205,108,서울,2024-06-21,42
1206,108,서울,2024-06-22,29
1207,108,서울,2024-06-23,16
1208,108,서울,2024-06-24,50
1209,108,서울,2024-06-25,21
1210,108,서울,2024-06-26,26
1211,108,서울,2024-06-27,32
1212,108,서울,2024-06-28,40
1213,108,서울,2024-06-29,33
1214,108,서울,2024-06-30,21
1215,108,서울,2024-07-01,26
1216,108,서울,2024-07-02,18
1217,108,서울,2024-07-03,25
1218,108,서울,2024-07-04,40
1219,108,서울,2024-07-05,18
1220,108,서울,2024-07-06,28
1221,108,서울,2024-07-07,23
1222,108,서울,2024-07-08,10
1223,108,서울,2024-07-09,16
1224,108,서울,2024-07-10,14
1225,108,서울,2024-07-11,37
1226,108,서울,2024-07-12,37
1227,108,서울,2024-07-13,49
1228,108,서울,2024-07-14,33
1229,108,서울,2024-07-15,13
1230,108,서울,2024-07-16,14
1231,108,서울,2024-07-17,13
1232,108,서울,2024-07-18,11
1233,108,서울,2024-07-19,24
1234,108,서울,2024-07-20,17
1235,108,서울,2024-07-21,18
1236,108,서울,2024-07-25,21
1237,108,서울,2024-07-26,18
1238,108,서울,2024-07-27,18
1239,108,서울,2024-07-28,17
1240,108,서울,2024-07-29,19
1241,108,서울,2024-07-30,22
1242,108,서울,2024-07-31,16
1243,108,서울,2024-08-01,19
1244,108,서울,2024-08-02,26
1245,108,서울,2024-08-03,31
1246,108,서울,2024-08-04,30
1247,108,서울,2024-08-05,30
1248,108,서울,2024-08-06,18
1249,108,서울,2024-08-07,18
1250,108,서울,2024-08-08,19
1251,108,서울,2024-08-09,26
1252,108,서울,2024-08-10,32
1253,108,서울,2024-08-11,29
1254,108,서울,2024-08-12,28
1255,108,서울,2024-08-13,28
1256,108,서울,2024-08-14,26
1257,108,서울,2024-08-15,24
1258,108,서울,2024-08-16,22
1259,108,서울,2024-08-17,25
1260,108,서울,2024-08-18,23
1261,108,서울,2024-08-19,26
1262,108,서울,2024-08-20,26
1263,108,서울,2024-08-21,13
1264,108,서울,2024-08-22,16
1265,108,서울,2024-08-23,28
1266,108,서울,2024-08-24,40
1267,108,서울,2024-08-25,39
1268,108,서울,2024-08-26,35
1269,108,서울,2024-08-27,21
1270,108,서울,2024-08-28,14
1271,108,서울,2024-08-29,12
1272,108,서울,2024-08-30,14
1273,108,서울,2024-08-31,37
1274,108,서울,2024-09-01,30
1275,108,서울,2024-09-02,20
1276,108,서울,2024-09-03,13
1277,108,서울,2024-09-04,22
1278,108,서울,2024-09-05,21
1279,108,서울,2024-09-06,16
1280,108,서울,2024-09-07,23
1281,108,서울,2024-09-08,29
1282,108,서울,2024-09-09,29
1283,108,서울,2024-09-10,29
1284,108,서울,2024-09-11,33
1285,108,서울,2024-09-13,15
1286,108,서울,2024-09-14,14
1287,108,서울,2024-09-15,15
1288,108,서울,2024-09-17,15
1289,108,서울,2024-09-18,21
1290,108,서울,2024-09-19,23
1291,108,서울,2024-09-20,16
1292,108,서울,2024-09-25,18
1293,108,서울,2024-09-26,18
1294,108,서울,2024-09-28,13
1295,108,서울,2024-09-29,11
1296,108,서울,2024-09-30,18
1297,108,서울,2024-10-01,15
1298,108,서울,2024-10-02,18
1299,108,서울,2024-10-03,21
1300,108,서울,2024-10-04,23
1301,108,서울,2024-10-05,25
1302,108,서울,2024-10-06,21
1303,108,서울,2024-10-07,39
1304,108,서울,2024-10-08,47
1305,108,서울,2024-10-09,18
1306,108,서울,2024-10-10,23
1307,108,서울,2024-10-11,34
1308,108,서울,2024-10-12,35
1309,108,서울,2024-10-13,28
1310,108,서울,2024-10-14,20
1311,108,서울,2024-10-15,21
1312,108,서울,2024-10-16,38
1313,108,서울,2024-10-17,39
1314,108,서울,2024-10-18,19
1315,108,서울,2024-10-21,25
1316,108,서울,2024-10-22,11
1317,108,서울,2024-10-24,27
1318,108,서울,2024-10-25,29
1319,108,서울,2024-10-26,26
1320,108,서울,2024-10-27,27
1321,108,서울,2024-10-28,38
1322,108,서울,2024-10-30,28
