,일시,dateName
0,20210101,1월1일
1,20210211,설날
2,20210212,설날
3,20210213,설날
4,20210301,삼일절
5,20210505,어린이날
6,20210519,부처님오신날
7,20210606,현충일
9,20210815,광복절
12,20210921,추석
13,20210922,추석
14,20211003,개천절
15,20211004,대체공휴일
16,20211009,한글날
17,20211011,대체공휴일
18,20211225,기독탄신일
0,20220101,1월1일
1,20220131,설날
2,20220201,설날
3,20220202,설날
4,20220301,삼일절
5,20220309,대통령선거일
6,20220505,어린이날
7,20220508,부처님오신날
9,20220606,현충일
12,20220909,추석
13,20220910,추석
14,20220911,추석
15,20220912,대체공휴일
16,20221003,개천절
17,20221009,한글날
18,20221010,대체공휴일
19,20221225,기독탄신일
0,20230101,1월1일
1,20230121,설날
2,20230122,설날
3,20230123,설날
4,20230124,대체공휴일
5,20230301,삼일절
6,20230505,어린이날
7,20230527,부처님오신날
9,20230606,현충일
12,20230928,추석
13,20230929,추석
14,20230930,추석
15,20231002,임시공휴일
16,20231003,개천절
17,20231009,한글날
18,20231225,기독탄신일
0,20240101,1월1일
1,20240209,설날
2,20240210,설날
3,20240211,설날
4,20240212,대체공휴일(설날)
5,20240301,삼일절
6,20240410,국회의원선거
7,20240505,어린이날
9,20240515,부처님오신날
12,20240815,광복절
13,20240916,추석
14,20240917,추석
15,20240918,추석
16,20241001,임시공휴일
17,20241003,개천절
18,20241009,한글날
19,20241225,기독탄신일
