지점,지점명,일시,평균기온(°C),최저기온(°C),최고기온(°C),일강수량(mm),평균 풍속(m/s),일 최심적설(cm)
108,서울,2021-01-01,-4.2,-9.8,1.6,,2,
108,서울,2021-01-02,-5,-8.4,-1.4,,2.6,
108,서울,2021-01-03,-5.6,-9.1,-2,,2,
108,서울,2021-01-04,-3.5,-8.4,.3,0,1.7,0
108,서울,2021-01-05,-5.5,-9.9,-2.1,0,2.9,0
108,서울,2021-01-06,-7.4,-12,-1.9,2.3,2.4,3.8
108,서울,2021-01-07,-14.5,-16.5,-8.4,,4.1,3.3
108,서울,2021-01-08,-14.9,-18.6,-10.7,,3.3,1.1
108,서울,2021-01-09,-12.2,-16.6,-7.5,,2.6,1
108,서울,2021-01-10,-7.7,-12.8,-2.7,,1.3,.7
108,서울,2021-01-11,-6.7,-9.6,-4,,1.9,.4
108,서울,2021-01-12,-3.9,-9.3,-.5,2.6,1.8,5.1
108,서울,2021-01-13,2,-3,8.3,0,2.4,5
108,서울,2021-01-14,1.7,-3.6,7,,2.3,
108,서울,2021-01-15,4.5,-.7,9.9,.2,3,
108,서울,2021-01-16,-4.9,-8.7,-.7,,3.3,
108,서울,2021-01-17,-5.5,-10.8,-1.3,0,2.3,.1
108,서울,2021-01-18,-3.8,-9.1,.2,.3,3.2,1
108,서울,2021-01-19,-6.3,-11.6,-.2,,1.8,
108,서울,2021-01-20,-.1,-6.6,7.1,,2.2,
108,서울,2021-01-21,4.5,2.5,7,9.2,2.3,
108,서울,2021-01-22,5.5,4.8,6.6,.1,1.7,
108,서울,2021-01-23,7.6,4.8,12.2,,4.2,
108,서울,2021-01-24,7.3,2.4,13.9,,2.1,
108,서울,2021-01-25,7.9,3,13.9,,1.9,
108,서울,2021-01-26,5.3,1.7,7.4,1.7,1.9,
108,서울,2021-01-27,1.7,-1.8,6.5,,2.2,
108,서울,2021-01-28,-2.6,-9.7,1.4,2,4,3.6
108,서울,2021-01-29,-8.8,-11.6,-4.9,,3.5,.7
108,서울,2021-01-30,-1.6,-8.1,5.2,.5,2.5,.8
108,서울,2021-01-31,3.2,-3.8,8.7,,2,
108,서울,2021-02-01,5,-2.3,9.5,.7,2.7,
108,서울,2021-02-02,-5.6,-8.2,-2.4,0,3.9,
108,서울,2021-02-03,-3.2,-9.4,1.4,3.4,2.2,4.2
108,서울,2021-02-04,-3.6,-7.4,.7,.1,2.5,4.3
108,서울,2021-02-05,1.4,-4.4,6.7,,2.4,1.4
108,서울,2021-02-06,6.8,4.3,9.5,,2.2,
108,서울,2021-02-07,3.6,-2.6,7.7,,2.9,
108,서울,2021-02-08,-3.1,-5.4,.2,,3.4,
108,서울,2021-02-09,-.9,-6.1,4.7,,2,
108,서울,2021-02-10,3.4,-1.5,7.2,,2.1,
108,서울,2021-02-11,5.5,1.3,10.9,,1.3,
108,서울,2021-02-12,6.5,.6,14,,1.7,
108,서울,2021-02-13,7.6,1,15.9,,1.5,
108,서울,2021-02-14,9.5,6.4,13.8,0,1.7,
108,서울,2021-02-15,1.2,-5.2,8.2,1.4,4,
108,서울,2021-02-16,-5.1,-7,-1.3,1.5,3.2,1.1
108,서울,2021-02-17,-8.3,-10.4,-5.2,0,5,.9
108,서울,2021-02-18,-5.8,-10.6,-.4,,3.1,.2
108,서울,2021-02-19,1.6,-7.1,8.9,,2.9,
108,서울,2021-02-20,8.8,5.5,14.9,,2.1,
108,서울,2021-02-21,10.8,4.7,17.4,,2.8,
108,서울,2021-02-22,7.8,.4,12.6,,2.9,
108,서울,2021-02-23,0,-3.1,4.3,,2.9,
108,서울,2021-02-24,2.9,-3,10.1,,1.8,
108,서울,2021-02-25,4.2,.7,8.2,,1.4,
108,서울,2021-02-26,8.2,.5,15.8,,2.3,
108,서울,2021-02-27,9.5,4.3,16.2,,3.4,
108,서울,2021-02-28,7.8,3.2,10.8,,2.1,
108,서울,2021-03-01,4.7,.5,9,67.5,3.5,2.3
108,서울,2021-03-02,2.3,.2,6.9,.1,1.9,2.3
108,서울,2021-03-03,4.4,-1.2,9.9,,1.8,
108,서울,2021-03-04,7.2,2.5,13,,1.9,
108,서울,2021-03-05,9,3,16.2,,2.1,
108,서울,2021-03-06,6.6,3.2,11.6,,3.3,
108,서울,2021-03-07,6.2,2.1,12.2,,2.8,
108,서울,2021-03-08,7,1.5,13.9,,1.8,
108,서울,2021-03-09,6.6,2.1,12.2,,2.2,
108,서울,2021-03-10,8.8,1.7,17.1,,1.8,
108,서울,2021-03-11,10.2,4.7,17.1,,1.8,
108,서울,2021-03-12,10.5,7.2,14.9,0,2.2,
108,서울,2021-03-13,9.2,4.6,14.2,,2.2,
108,서울,2021-03-14,9.1,4.9,14.7,,2.2,
108,서울,2021-03-15,10.6,5.1,15.7,1.7,2.4,
108,서울,2021-03-16,8.4,4.9,13.1,1.3,3.2,
108,서울,2021-03-17,8.8,1.8,17.5,,1.8,
108,서울,2021-03-18,11.7,5,18.4,,1.8,
108,서울,2021-03-19,15.3,11.4,20.2,,2.2,
108,서울,2021-03-20,9.9,7.4,14.7,5.1,2.2,
108,서울,2021-03-21,5.8,3.1,8.6,.3,4,
108,서울,2021-03-22,6.2,1.1,11.1,,3.2,
108,서울,2021-03-23,9.1,2.5,16.4,,2.5,
108,서울,2021-03-24,10.8,5.7,16.9,,2.4,
108,서울,2021-03-25,11.9,6.8,19,,2.2,
108,서울,2021-03-26,12.6,4.8,20.6,,1.4,
108,서울,2021-03-27,12.1,10.2,15,25.5,2.5,
108,서울,2021-03-28,9,7.7,13,9.2,3.3,
108,서울,2021-03-29,10.2,7.3,14.6,.2,3.3,
108,서울,2021-03-30,10.8,4.1,18.2,,2.2,
108,서울,2021-03-31,14.5,5.9,22.9,,1.8,
108,서울,2021-04-01,17.7,12,24,,3.5,
108,서울,2021-04-02,17.8,12.5,23,0,3.2,
108,서울,2021-04-03,14.9,10.9,18,56.2,3.1,
108,서울,2021-04-04,11.9,9,15.8,.6,3.2,
108,서울,2021-04-05,11.9,5.4,19.3,,2.4,
108,서울,2021-04-06,13.9,9.4,19.2,,2.5,
108,서울,2021-04-07,14.1,8.1,20.4,,2.5,
108,서울,2021-04-08,13,7.2,18,,2.7,
108,서울,2021-04-09,13.6,7.6,19.6,,2.7,
108,서울,2021-04-10,12.6,7.7,18.8,,2.6,
108,서울,2021-04-11,15,7.5,21.8,,1.7,
108,서울,2021-04-12,13.8,11.9,17.8,22,2.4,
108,서울,2021-04-13,10.4,5.7,13.5,8,3.7,
108,서울,2021-04-14,8.4,3.1,13.3,,2.9,
108,서울,2021-04-15,11.6,6.3,18.3,,2.1,
108,서울,2021-04-16,11.3,8.1,14.8,.7,2.6,
108,서울,2021-04-17,9.6,6,14.6,0,2.6,
108,서울,2021-04-18,9.9,5.6,15.3,,3.2,
108,서울,2021-04-19,12.2,5.8,19.4,,2.4,
108,서울,2021-04-20,14.8,8.1,22,,1.9,
108,서울,2021-04-21,19.1,10.3,28.2,,1.8,
108,서울,2021-04-22,20.9,16.1,27.5,,2.5,
108,서울,2021-04-23,19,17,21.7,0,3.2,
108,서울,2021-04-24,18.3,15.3,22.2,0,2.7,
108,서울,2021-04-25,18.2,12.6,24,,2.7,
108,서울,2021-04-26,16.2,12.3,20.6,,2.6,
108,서울,2021-04-27,15.4,12.5,20,1.7,2.3,
108,서울,2021-04-28,14.5,11.2,18.2,4.7,2.4,
108,서울,2021-04-29,14.6,10.9,20.1,3.9,2.3,
108,서울,2021-04-30,11.3,8.6,14.6,26.3,2.4,
108,서울,2021-05-01,10.2,8.5,15.3,8,2.7,
108,서울,2021-05-02,12.4,7.3,18.7,1.7,3.1,
108,서울,2021-05-03,14.1,8.4,20.3,,2.1,
108,서울,2021-05-04,13.8,11.4,15.8,19.6,2.1,
108,서울,2021-05-05,13.9,10.3,18.4,.1,3.5,
108,서울,2021-05-06,15.7,7.9,23.1,,2.4,
108,서울,2021-05-07,14.4,10.7,17.2,8.8,3.4,
108,서울,2021-05-08,14.3,8.9,21,,3.4,
108,서울,2021-05-09,15.7,10,21.8,,3.5,
108,서울,2021-05-10,13.2,11.7,14.6,0,1.8,
108,서울,2021-05-11,18.5,9.4,25.7,,2.7,
108,서울,2021-05-12,22,16.9,27.7,,2.2,
108,서울,2021-05-13,22.9,16.6,29.6,,1.9,
108,서울,2021-05-14,24.1,18,30.8,,1.7,
108,서울,2021-05-15,22.1,20.8,26.2,15,1.7,
108,서울,2021-05-16,18.4,14.8,20.8,66.9,2.5,
108,서울,2021-05-17,15.3,14.2,16.7,3.1,1.6,
108,서울,2021-05-18,17.9,13.6,24.5,,1.7,
108,서울,2021-05-19,19.9,12.4,26.6,,1.8,
108,서울,2021-05-20,18.7,15.6,22.9,.9,2.5,
108,서울,2021-05-21,16,14.2,18.2,6.9,1.7,
108,서울,2021-05-22,18.6,13.8,23.8,.2,2.5,
108,서울,2021-05-23,19.5,14.3,25.1,,1.7,
108,서울,2021-05-24,19.4,16.4,24.5,,2.7,
108,서울,2021-05-25,15.3,11.9,19.3,8.3,3.2,
108,서울,2021-05-26,18,11.5,23,0,2.9,
108,서울,2021-05-27,15.8,13.9,18.7,8.9,2.8,
108,서울,2021-05-28,15.3,12.4,19.7,12.3,2.6,
108,서울,2021-05-29,15.4,12.8,19.1,.3,2.2,
108,서울,2021-05-30,18.4,10.8,26.3,18.1,2.1,
108,서울,2021-05-31,19.9,16.5,23.8,4,1.8,
108,서울,2021-06-01,20.2,15.9,23.9,3.2,2.2,
108,서울,2021-06-02,23.2,16.6,29.7,,2.1,
108,서울,2021-06-03,19.1,14.6,22.7,18.1,1.8,
108,서울,2021-06-04,18.5,13.3,23.6,,2.9,
108,서울,2021-06-05,20.8,17,25.7,,3.3,
108,서울,2021-06-06,23,18.4,28.2,,2.2,
108,서울,2021-06-07,21.1,19.4,24,0,1.7,
108,서울,2021-06-08,23.6,18.8,29.5,.1,1.7,
108,서울,2021-06-09,25.8,19.5,31.6,,1.6,
108,서울,2021-06-10,24.9,20.5,29.8,6.1,2.2,
108,서울,2021-06-11,21.5,19.9,24.4,4.6,2.8,
108,서울,2021-06-12,24.2,18.2,30.2,,1.8,
108,서울,2021-06-13,24.8,20.9,29.7,,2,
108,서울,2021-06-14,24.8,18.9,30.2,,2.1,
108,서울,2021-06-15,22.5,21.5,25.3,1.9,2.3,
108,서울,2021-06-16,24.3,20.3,28.9,,3.6,
108,서울,2021-06-17,21.9,19.6,25,0,2.4,
108,서울,2021-06-18,20,19,21.4,6.3,2.5,
108,서울,2021-06-19,22.3,17.5,27.4,,1.8,
108,서울,2021-06-20,22.9,17.6,29,,2.8,
108,서울,2021-06-21,23.6,19.2,28.5,,2.2,
108,서울,2021-06-22,22.8,19.7,28.6,0,2.1,
108,서울,2021-06-23,22.4,18.8,27.9,7.5,2.4,
108,서울,2021-06-24,23,18.5,28,,1.9,
108,서울,2021-06-25,24.1,19.5,29.5,,2,
108,서울,2021-06-26,22.8,19.9,26.7,4.5,1.8,
108,서울,2021-06-27,24.5,19.8,30.8,38.2,2,
108,서울,2021-06-28,23.7,21,29.2,.1,1.9,
108,서울,2021-06-29,23.9,21.3,28.4,8,1.8,
108,서울,2021-06-30,24.3,21,28.8,6,1.3,
108,서울,2021-07-01,26.3,21.4,31,,1.8,
108,서울,2021-07-02,27.1,23.6,31.8,,2.3,
108,서울,2021-07-03,22.6,19.6,25.7,60,3.6,
108,서울,2021-07-04,21.4,19.8,23.1,21.4,2.3,
108,서울,2021-07-05,23.3,20.1,26.9,,1.4,
108,서울,2021-07-06,25.3,21,30.1,,1.6,
108,서울,2021-07-07,26.4,23.9,29.1,12.7,1.5,
108,서울,2021-07-08,26,23.8,29.8,2.9,2,
108,서울,2021-07-09,25.5,23.6,29.2,0,1.9,
108,서울,2021-07-10,25.9,23.1,29.2,.5,2.4,
108,서울,2021-07-11,25.7,24.1,27.5,.4,2.2,
108,서울,2021-07-12,28.1,23.8,32.5,,1.6,
108,서울,2021-07-13,28.8,26.3,31.5,,1.7,
108,서울,2021-07-14,29.7,26.1,33.5,,2.2,
108,서울,2021-07-15,29.1,25.9,34.5,0,2.1,
108,서울,2021-07-16,28.8,24.2,35.2,,2.2,
108,서울,2021-07-17,29.1,24.7,32.8,0,2.3,
108,서울,2021-07-18,29.6,25.7,34.1,,2.1,
108,서울,2021-07-19,26.4,24,30.5,67.4,1.9,
108,서울,2021-07-20,27.9,23.6,31.8,0,1.5,
108,서울,2021-07-21,30.5,25.3,35.3,,1.7,
108,서울,2021-07-22,31.2,26.5,35.9,,2,
108,서울,2021-07-23,31.2,27.2,35.8,,1.8,
108,서울,2021-07-24,31.7,26.9,36.5,,1.7,
108,서울,2021-07-25,31.5,27.2,35.9,,2,
108,서울,2021-07-26,31.2,27.4,35.4,,2.4,
108,서울,2021-07-27,31.1,27.8,35.7,,2.1,
108,서울,2021-07-28,30.4,27.1,34.7,0,1.9,
108,서울,2021-07-29,29.6,27,33.3,,2,
108,서울,2021-07-30,30.5,25.8,35.4,,2.1,
108,서울,2021-07-31,29.8,26.8,34.3,3,2.5,
108,서울,2021-08-01,27.1,25.1,28.8,21,1.3,
108,서울,2021-08-02,26.5,25,28.6,1.7,1.6,
108,서울,2021-08-03,28,24.1,31.4,0,1.8,
108,서울,2021-08-04,28.9,26.3,33.2,,2,
108,서울,2021-08-05,29.4,25.6,33.7,,2.1,
108,서울,2021-08-06,28.1,26,32.2,,2.1,
108,서울,2021-08-07,28,23.4,32.3,,2.1,
108,서울,2021-08-08,26.8,24.4,32.1,12.7,1.7,
108,서울,2021-08-09,28.3,23.3,33.6,,2.3,
108,서울,2021-08-10,27.7,24.3,32.2,,2.3,
108,서울,2021-08-11,27.4,24.1,31.6,0,2,
108,서울,2021-08-12,26.8,24,31.7,0,1.8,
108,서울,2021-08-13,26.6,23.4,30.1,,2,
108,서울,2021-08-14,26.1,23.4,30.5,,3,
108,서울,2021-08-15,26.9,21.7,32.4,,2.3,
108,서울,2021-08-16,27.3,22.5,32.8,0,2.3,
108,서울,2021-08-17,25.9,21.9,31.3,9.3,2.4,
108,서울,2021-08-18,24.3,20.6,31,5.6,2.8,
108,서울,2021-08-19,26,21,31.5,,2.6,
108,서울,2021-08-20,26.6,22.6,30.7,0,2.3,
108,서울,2021-08-21,23.8,21,25.5,62.8,2.7,
108,서울,2021-08-22,24.4,22.4,27,0,2.1,
108,서울,2021-08-23,22.4,21,24,7.4,2,
108,서울,2021-08-24,23.4,21.1,26.4,10.5,2.9,
108,서울,2021-08-25,25,23.5,27.3,.3,1.8,
108,서울,2021-08-26,25.5,22.9,27.9,.7,2.5,
108,서울,2021-08-27,22.4,20.4,25.5,.9,1.3,
108,서울,2021-08-28,23.6,19.7,28.2,,1.8,
108,서울,2021-08-29,23.7,21.9,26.3,.9,1.6,
108,서울,2021-08-30,24.2,21.2,27.7,0,1.4,
108,서울,2021-08-31,20.5,18.1,23.1,77.4,2.3,
108,서울,2021-09-01,21.4,18.5,23.9,.8,2.9,
108,서울,2021-09-02,23.5,20.7,26.7,,2.1,
108,서울,2021-09-03,24.3,20.6,29.2,,2.4,
108,서울,2021-09-04,23.2,18.5,28.6,,2.7,
108,서울,2021-09-05,23.1,19.4,27.3,,3.2,
108,서울,2021-09-06,22.3,18,26.4,12,3.2,
108,서울,2021-09-07,19.6,17.6,20.9,29.6,2.3,
108,서울,2021-09-08,22.2,19,26.9,1.6,1.7,
108,서울,2021-09-09,23.5,19.1,29.1,,1.5,
108,서울,2021-09-10,23.6,19.5,28.9,,1.9,
108,서울,2021-09-11,24,19.9,29.4,,1.7,
108,서울,2021-09-12,24.2,19.2,29.8,,1.8,
108,서울,2021-09-13,24.8,20.8,30.3,,2.4,
108,서울,2021-09-14,24.6,20,29.5,,2.6,
108,서울,2021-09-15,23.6,19.5,28.9,,3.6,
108,서울,2021-09-16,22.9,18,27.3,,2.6,
108,서울,2021-09-17,23.5,20.5,28.2,,3,
108,서울,2021-09-18,23.9,18.9,29.8,,1.6,
108,서울,2021-09-19,23.7,20.8,27.8,,1.9,
108,서울,2021-09-20,23.7,19,28.4,,2.7,
108,서울,2021-09-21,22,17.4,26.2,68.1,2.9,
108,서울,2021-09-22,20.2,16.8,24.3,4.5,2.7,
108,서울,2021-09-23,20.9,16.9,25.9,,2.4,
108,서울,2021-09-24,21.8,16.7,26.9,,2.2,
108,서울,2021-09-25,21.2,18.7,23.1,,2.3,
108,서울,2021-09-26,22.6,18.4,27.3,,2.3,
108,서울,2021-09-27,21.6,18.7,25,0,2.4,
108,서울,2021-09-28,21.5,19.6,24.4,1.3,2.2,
108,서울,2021-09-29,20.2,17.8,21.4,13.1,1.7,
108,서울,2021-09-30,20.3,16,25.9,,1.5,
108,서울,2021-10-01,21.1,16.9,27.5,13.3,2.4,
108,서울,2021-10-02,20.7,16.4,26.6,,1.6,
108,서울,2021-10-03,22.3,17.1,28.8,,1.9,
108,서울,2021-10-04,22.9,19.2,25.6,3.6,2.9,
108,서울,2021-10-05,23.6,21.7,26.5,0,3.3,
108,서울,2021-10-06,18.8,17.9,21.7,6.4,2.8,
108,서울,2021-10-07,19.4,17.9,21.9,4.6,1.9,
108,서울,2021-10-08,18.8,17.5,20,3.5,1.7,
108,서울,2021-10-09,20.9,18.5,24.1,.4,2.3,
108,서울,2021-10-10,19.9,14.9,24.3,14.2,2.2,
108,서울,2021-10-11,15.2,12.6,17.8,.3,2.2,
108,서울,2021-10-12,17.9,15.8,21.3,,3.3,
108,서울,2021-10-13,19.6,14.9,25.2,,2.4,
108,서울,2021-10-14,19.7,17.4,23.9,,2,
108,서울,2021-10-15,19,17,21.4,0,2.1,
108,서울,2021-10-16,10.7,4.2,18.1,0,3.4,
108,서울,2021-10-17,5.6,1.3,10.8,,2.9,
108,서울,2021-10-18,9.6,2.8,16.1,5.6,2,
108,서울,2021-10-19,10.9,7.1,15,4.4,2.4,
108,서울,2021-10-20,9.5,4.6,15.8,,1.7,
108,서울,2021-10-21,9.8,4.9,16.2,,1.7,
108,서울,2021-10-22,10.8,5.2,17.2,,1.8,
108,서울,2021-10-23,11.4,5.7,18.4,,1.6,
108,서울,2021-10-24,11.4,6,18.1,,1.7,
108,서울,2021-10-25,11.7,6.3,17.6,,1.9,
108,서울,2021-10-26,13,7.7,19,,1.7,
108,서울,2021-10-27,13.4,9.8,18.1,0,2.2,
108,서울,2021-10-28,12.7,7.1,20,,1.4,
108,서울,2021-10-29,14.6,10.5,20.6,,2,
108,서울,2021-10-30,13.8,11,18,,1.6,
108,서울,2021-10-31,14.1,9.2,20.3,.7,1.6,
108,서울,2021-11-01,12.9,10.3,16.9,,1.9,
108,서울,2021-11-02,11.5,7.9,16.9,,1.7,
108,서울,2021-11-03,12.1,7.6,17.1,,1.5,
108,서울,2021-11-04,12.1,8.4,16.3,0,1.3,
108,서울,2021-11-05,13,7.8,20.2,,1.5,
108,서울,2021-11-06,14.1,8.8,21.3,,1.6,
108,서울,2021-11-07,15.3,9.7,21.3,,2.1,
108,서울,2021-11-08,8.6,4.5,15.5,25.7,3.2,
108,서울,2021-11-09,4.9,3,6.5,2,2.4,
108,서울,2021-11-10,4.2,.7,7.7,.3,2.5,
108,서울,2021-11-11,5.3,2.1,9.7,0,2.9,
108,서울,2021-11-12,4.5,1.3,8.6,,2.6,
108,서울,2021-11-13,7.3,.5,13.4,,1.5,
108,서울,2021-11-14,11.3,7.8,16.4,,2.2,
108,서울,2021-11-15,10.1,5.8,15.7,,1.6,
108,서울,2021-11-16,8.5,4.4,13.6,,1.9,
108,서울,2021-11-17,7.5,2.7,12.5,,1.6,
108,서울,2021-11-18,11.9,7.7,16.2,0,2.4,
108,서울,2021-11-19,12.9,10.2,16.7,,1.9,
108,서울,2021-11-20,10.4,6.8,15.6,,1.6,
108,서울,2021-11-21,10.4,7.6,13.1,5.9,1.9,
108,서울,2021-11-22,2.7,-.6,7.5,1.3,4.1,
108,서울,2021-11-23,-.6,-3.7,2.3,,3.2,
108,서울,2021-11-24,4.1,-2.6,9.1,0,1.9,
108,서울,2021-11-25,5.7,2.6,9.9,,2.2,
108,서울,2021-11-26,2.9,-.5,7.2,0,2.2,
108,서울,2021-11-27,3.4,-1.4,10.1,,1.6,
108,서울,2021-11-28,5.1,-1.3,12.4,,1.5,
108,서울,2021-11-29,7.6,2.5,13.7,,1.6,
108,서울,2021-11-30,5.7,.7,8.9,27.2,3.7,
108,서울,2021-12-01,-1.3,-3,1.5,,4.2,
108,서울,2021-12-02,1.3,-4.6,5,.1,2.1,
108,서울,2021-12-03,1.9,-1.8,4.6,.4,2.9,
108,서울,2021-12-04,1.4,-2.7,7,,2,
108,서울,2021-12-05,2.9,-2.3,9.6,,1.4,
108,서울,2021-12-06,5.4,-.7,12.1,,1.6,
108,서울,2021-12-07,6.8,2.6,13.3,,1.2,
108,서울,2021-12-08,6.7,1.9,13.3,,1.5,
108,서울,2021-12-09,6.5,2.7,9.7,,2.2,
108,서울,2021-12-10,7,5.8,8.2,.7,2.1,
108,서울,2021-12-11,6,4.4,9.8,,1.4,
108,서울,2021-12-12,1.2,-3.8,5.1,,3.2,
108,서울,2021-12-13,-2.2,-5.9,1.9,,2.3,
108,서울,2021-12-14,3.7,-.7,8.2,1.2,2,
108,서울,2021-12-15,7.2,5.4,10,2.1,1.7,
108,서울,2021-12-16,6.4,3.3,9.8,0,1.8,
108,서울,2021-12-17,-5.6,-10.1,3.2,,4.6,
108,서울,2021-12-18,-5.7,-11.2,-1.8,2.8,2,4.4
108,서울,2021-12-19,-.8,-5.8,4.2,.2,2,4.6
108,서울,2021-12-20,5.2,-.9,11.1,0,2.1,1.8
108,서울,2021-12-21,5.2,.8,8.9,,2,
108,서울,2021-12-22,2.2,-2.6,8.2,,1.7,
108,서울,2021-12-23,2.7,-1.5,8.3,,1.4,
108,서울,2021-12-24,-.3,-7.3,3.2,.2,2.6,
108,서울,2021-12-25,-11.7,-14.4,-7.3,,3.9,
108,서울,2021-12-26,-12.1,-15.5,-7.3,,3.1,
108,서울,2021-12-27,-7.6,-12.9,-3.9,0,1.7,
108,서울,2021-12-28,-4.1,-8.5,-.9,,2.2,
108,서울,2021-12-29,.4,-3.8,5.9,.2,2.6,.3
108,서울,2021-12-30,-3.9,-6.8,.2,0,3.3,
108,서울,2021-12-31,-6.7,-8.8,-3.9,,3.5,
108,서울,2022-01-01,-4.3,-10.2,2.3,,1.5,
108,서울,2022-01-02,-1.3,-5.2,3,.3,2.3,.5
108,서울,2022-01-03,-1.9,-8,2.5,0,1.8,
108,서울,2022-01-04,-2.5,-5.6,1,0,2.4,
108,서울,2022-01-05,-2.8,-7.8,1.9,,1.7,
108,서울,2022-01-06,-2.2,-5.9,3.3,,2.3,
108,서울,2022-01-07,-1.6,-5.9,4.5,,1.5,
108,서울,2022-01-08,.3,-5,3.7,0,1.7,
108,서울,2022-01-09,1.3,-1.2,5.6,,1.7,
108,서울,2022-01-10,.5,-3.4,4.4,.9,2,.9
108,서울,2022-01-11,-7.4,-10.3,.3,.2,4,1
108,서울,2022-01-12,-7.7,-11.3,-3.4,,2.4,.2
108,서울,2022-01-13,-6.4,-8.9,-3.1,,3.3,
108,서울,2022-01-14,-4.8,-10.1,1.3,,1.7,
108,서울,2022-01-15,-1,-5.3,1.8,0,1.9,
108,서울,2022-01-16,-2,-7.2,2.4,0,3.3,
108,서울,2022-01-17,-5.8,-9.2,.1,.5,2.2,.8
108,서울,2022-01-18,-5.6,-9.9,-.7,,2.3,.5
108,서울,2022-01-19,-5.3,-7.7,-2.7,1.7,2.1,3.5
108,서울,2022-01-20,-5,-9.8,.9,,1.8,2.4
108,서울,2022-01-21,-2.7,-8.7,4.6,,1.8,
108,서울,2022-01-22,.3,-5,7.1,,1.7,
108,서울,2022-01-23,2,-.6,6.7,,1.7,
108,서울,2022-01-24,4.6,1.3,8.4,,3.5,
108,서울,2022-01-25,2.8,1.9,4.5,.7,2.3,
108,서울,2022-01-26,1.3,-1.9,6.8,,2.2,
108,서울,2022-01-27,-1.1,-4.6,4,,2.1,
108,서울,2022-01-28,-2.7,-5.9,2.1,,2.8,
108,서울,2022-01-29,-3.6,-7.2,.9,,2.4,
108,서울,2022-01-30,-2.8,-8,2.4,,2.2,
108,서울,2022-01-31,-.7,-6.8,4.8,1.2,1.9,1.8
108,서울,2022-02-01,-1.3,-2.7,.9,1.7,2.6,5
108,서울,2022-02-02,-3.4,-6,0,,2.4,.5
108,서울,2022-02-03,-3.4,-6.9,.4,,2.4,
108,서울,2022-02-04,-5.2,-8.2,-.7,0,3.1,
108,서울,2022-02-05,-6.6,-9.7,-2,,3.1,
108,서울,2022-02-06,-3.9,-8.4,1.7,,2.5,
108,서울,2022-02-07,-2.5,-7.3,1.9,,1.8,
108,서울,2022-02-08,-.1,-4.1,5.6,,1.9,
108,서울,2022-02-09,1,-4.3,7.2,,1.8,
108,서울,2022-02-10,1.4,-3.2,6.7,,2.3,
108,서울,2022-02-11,2.9,-2.6,8.8,,1.8,
108,서울,2022-02-12,4.8,-.1,10.4,,1.7,
108,서울,2022-02-13,4.8,1.6,9.5,,1.8,
108,서울,2022-02-14,2.5,-1.3,8.1,1.7,2.9,
108,서울,2022-02-15,-4.7,-7.7,-1.3,0,3.8,
108,서울,2022-02-16,-7.3,-9.6,-4.1,0,3.7,
108,서울,2022-02-17,-6.2,-10.7,-.5,,2.5,
108,서울,2022-02-18,-1.2,-8,5.7,,2,
108,서울,2022-02-19,-1.7,-6.2,3.7,.1,2.9,.1
108,서울,2022-02-20,-4.8,-8.4,-.5,,4.1,
108,서울,2022-02-21,-3,-8.1,3.6,.1,2.9,
108,서울,2022-02-22,-4.5,-8,.5,,3.2,
108,서울,2022-02-23,-5.6,-10,-.6,,2.6,
108,서울,2022-02-24,-2.4,-8.5,3.7,,2.2,
108,서울,2022-02-25,3,-3.6,8.4,,2.3,
108,서울,2022-02-26,5.4,1,9.3,1.1,3.9,
108,서울,2022-02-27,3.7,-1.6,9.1,,2.8,
108,서울,2022-02-28,6.8,2.7,11.5,,1.5,
108,서울,2022-03-01,5.8,.3,9.7,2.3,2.3,
108,서울,2022-03-02,3.5,-2.3,8.8,,2.7,
108,서울,2022-03-03,5.8,.9,12.4,,2.1,
108,서울,2022-03-04,6.9,.6,14.6,,3.6,
108,서울,2022-03-05,2.3,-.7,6.7,,4.3,
108,서울,2022-03-06,1.4,-3,6.8,,2.6,
108,서울,2022-03-07,2.8,-2.7,8.7,,2,
108,서울,2022-03-08,6,1.1,12.3,,2,
108,서울,2022-03-09,7.1,1.7,14.8,,1.9,
108,서울,2022-03-10,9.3,4.2,15.8,,2.1,
108,서울,2022-03-11,11.2,5.1,18.4,,1.9,
108,서울,2022-03-12,12.8,6.3,19.5,2.6,2.7,
108,서울,2022-03-13,11.7,10.7,12.6,42.1,1.9,
108,서울,2022-03-14,8.2,4.9,13.2,8.7,3.2,
108,서울,2022-03-15,7.2,2.3,13.3,,2,
108,서울,2022-03-16,10.3,3.6,16.8,,2.1,
108,서울,2022-03-17,10.7,7.8,15.1,1.2,2.7,
108,서울,2022-03-18,7.5,5.5,9.6,0,4.4,
108,서울,2022-03-19,3.4,.9,6.1,14.6,3,.7
108,서울,2022-03-20,5.4,2.2,9.3,0,2.6,
108,서울,2022-03-21,5,-.3,10.9,,2.4,
108,서울,2022-03-22,7.1,1.1,13.6,,2.2,
108,서울,2022-03-23,6.2,4.9,8.2,,2.3,
108,서울,2022-03-24,8.2,3.9,12.4,,1.8,
108,서울,2022-03-25,12,6.3,17.2,10.9,2.6,
108,서울,2022-03-26,11.8,9.5,14.7,19.8,2.9,
108,서울,2022-03-27,8.1,5,12.6,,3,
108,서울,2022-03-28,8.2,1.5,15.1,,2.1,
108,서울,2022-03-29,9.7,3.3,15.6,,2.1,
108,서울,2022-03-30,10.8,5.9,15.7,.4,1.8,
108,서울,2022-03-31,10.9,7.6,14.7,,2.5,
108,서울,2022-04-01,9.2,4.5,14.9,,2.6,
108,서울,2022-04-02,8.2,3.7,14.2,,2.3,
108,서울,2022-04-03,9.6,3.5,17,,2.1,
108,서울,2022-04-04,10.3,5.1,16.4,,2.3,
108,서울,2022-04-05,10.3,4.9,15.8,,2.4,
108,서울,2022-04-06,11.7,8,17,,2.5,
108,서울,2022-04-07,10.9,7.4,15.7,,3.3,
108,서울,2022-04-08,12.9,5.1,20,,2.1,
108,서울,2022-04-09,17.8,12.4,24.2,.5,3,
108,서울,2022-04-10,18.2,12.7,25.1,,2,
108,서울,2022-04-11,19.6,13.4,26.6,,2.4,
108,서울,2022-04-12,19.3,15.9,26.4,.5,2.8,
108,서울,2022-04-13,13.1,12,15.9,1.3,4.4,
108,서울,2022-04-14,13.2,11.4,15.3,,4,
108,서울,2022-04-15,13.3,7.5,19.3,,3,
108,서울,2022-04-16,13.2,7.1,20.2,,2.5,
108,서울,2022-04-17,14,7.2,21.9,,2.3,
108,서울,2022-04-18,15.2,11.4,21.6,,2.4,
108,서울,2022-04-19,15.2,8.9,22.1,,2.4,
108,서울,2022-04-20,15.7,9.7,22.1,,2.3,
108,서울,2022-04-21,16.3,9.6,22.7,,2.8,
108,서울,2022-04-22,15,13.2,16.8,,3.5,
108,서울,2022-04-23,17.7,10.4,25.3,,1.7,
108,서울,2022-04-24,18.5,15,24.5,.3,2.3,
108,서울,2022-04-25,20,17,23.6,1.3,1.4,
108,서울,2022-04-26,21.9,17,28.7,1,3.1,
108,서울,2022-04-27,17.7,12.6,23.9,,2.7,
108,서울,2022-04-28,18.2,11.6,25.9,0,2.6,
108,서울,2022-04-29,13.4,10.7,16.5,15.5,3.4,
108,서울,2022-04-30,13,10.5,17.8,,2.9,
108,서울,2022-05-01,13.4,7.9,19.2,,3.1,
108,서울,2022-05-02,14.2,9.1,19.4,,2.4,
108,서울,2022-05-03,14.8,9.1,20.8,,2.5,
108,서울,2022-05-04,17.8,10,25.2,,2.7,
108,서울,2022-05-05,18.9,12.5,25.8,,2.2,
108,서울,2022-05-06,19.6,13.7,25.6,,2.5,
108,서울,2022-05-07,18.4,15.3,23.1,.5,3,
108,서울,2022-05-08,15.3,11.7,18.2,2,2.8,
108,서울,2022-05-09,17.9,11,25.3,,2.2,
108,서울,2022-05-10,19.9,13.6,26.3,0,2.2,
108,서울,2022-05-11,19.7,16.6,25.2,0,2.4,
108,서울,2022-05-12,20.9,14.1,28.1,,1.9,
108,서울,2022-05-13,19.4,15,25.2,,2.2,
108,서울,2022-05-14,15.7,11.9,20,,3.3,
108,서울,2022-05-15,16.2,10.5,22.4,,3.2,
108,서울,2022-05-16,17.3,10.9,23.7,,2.8,
108,서울,2022-05-17,20,13,27.4,,2.4,
108,서울,2022-05-18,20,15.7,25.4,1.5,2.9,
108,서울,2022-05-19,19.9,16.1,24.2,,3,
108,서울,2022-05-20,20.6,15.6,25.8,,2.3,
108,서울,2022-05-21,20.1,16.1,26,,2.5,
108,서울,2022-05-22,20.3,15.7,25.8,,2.5,
108,서울,2022-05-23,23,17.8,30.7,,2.3,
108,서울,2022-05-24,22.9,16.7,30.2,,2.1,
108,서울,2022-05-25,21,16.7,26.7,3.5,2.6,
108,서울,2022-05-26,18.7,14.1,23.5,0,3.7,
108,서울,2022-05-27,20,16,25.6,0,3.3,
108,서울,2022-05-28,22.3,15,29.3,,2.8,
108,서울,2022-05-29,23.1,19.3,29.7,,2.3,
108,서울,2022-05-30,20.8,17.2,24.7,0,2.5,
108,서울,2022-05-31,20.7,14.2,27.2,,2.5,
108,서울,2022-06-01,22.1,16.2,28.6,,2.6,
108,서울,2022-06-02,21.5,17.1,26.9,,2.7,
108,서울,2022-06-03,24.5,18.7,32.6,,2,
108,서울,2022-06-04,25.6,20.3,29.7,,1.7,
108,서울,2022-06-05,22.7,20.2,27,0,2.3,
108,서울,2022-06-06,19.7,16.7,24.5,4.3,3.2,
108,서울,2022-06-07,20.6,15.1,25.1,0,2.7,
108,서울,2022-06-08,21.2,16.2,25.8,,2.3,
108,서울,2022-06-09,20.9,18.5,24.5,2.6,1.6,
108,서울,2022-06-10,20.9,17.2,26.6,1.2,1.9,
108,서울,2022-06-11,24.6,17.7,32.7,,2.2,
108,서울,2022-06-12,24.6,18.9,31.5,,2.5,
108,서울,2022-06-13,23.6,19.6,29.2,18,2.6,
108,서울,2022-06-14,21.5,17.7,27.1,0,4.2,
108,서울,2022-06-15,17.5,14.9,20.1,18.5,2.3,
108,서울,2022-06-16,20.3,17.6,24.8,.7,2.3,
108,서울,2022-06-17,22.5,16.5,28.1,,1.9,
108,서울,2022-06-18,23.3,22,25.1,0,1.7,
108,서울,2022-06-19,23.4,22.3,25.1,,1.4,
108,서울,2022-06-20,25.2,22,29,,1.3,
108,서울,2022-06-21,26.5,21.2,32.6,,2,
108,서울,2022-06-22,25.9,21.9,31,,2.1,
108,서울,2022-06-23,24.3,23.3,26.4,103,2.8,
108,서울,2022-06-24,22.6,20.6,24.9,19.1,3.5,
108,서울,2022-06-25,26,21.5,30.5,,2.8,
108,서울,2022-06-26,26.5,24.8,28.1,,2.6,
108,서울,2022-06-27,26.8,25.4,28.1,6.1,2.8,
108,서울,2022-06-28,26.9,25.7,27.9,6.3,5.8,
108,서울,2022-06-29,25.1,24.4,26.1,37.8,4.1,
108,서울,2022-06-30,22.3,21.2,24.5,176.2,2.3,
108,서울,2022-07-01,26.6,21.9,30.9,,2.1,
108,서울,2022-07-02,28.8,24,33.8,,1.7,
108,서울,2022-07-03,29.3,24.4,34.2,,1.7,
108,서울,2022-07-04,29.3,26.4,32.6,0,1.8,
108,서울,2022-07-05,29.2,26.7,33.1,0,1.7,
108,서울,2022-07-06,29.5,26.2,33.3,16.1,2.1,
108,서울,2022-07-07,28.2,26.4,31,0,2.8,
108,서울,2022-07-08,25.8,24,27.9,1.7,2.9,
108,서울,2022-07-09,26.9,24,30.9,.1,1.7,
108,서울,2022-07-10,29.2,24.6,35.1,0,1.7,
108,서울,2022-07-11,27,24.7,30.6,9,1.8,
108,서울,2022-07-12,26.8,23.2,29.4,,2.2,
108,서울,2022-07-13,25,24,27.1,114.5,1.8,
108,서울,2022-07-14,25.7,23.3,29.9,.9,2.3,
108,서울,2022-07-15,26,23,30.3,,2.3,
108,서울,2022-07-16,24.8,23.2,28.2,34,2,
108,서울,2022-07-17,25.5,22.5,29.7,0,1.8,
108,서울,2022-07-18,26.8,23.1,30.1,,2.2,
108,서울,2022-07-19,27.4,24.3,31.1,,2.3,
108,서울,2022-07-20,27.1,24.3,30.4,1.1,2.2,
108,서울,2022-07-21,23.2,20.8,25.2,10.4,2.9,
108,서울,2022-07-22,25.1,22.9,27.5,5.2,1.9,
108,서울,2022-07-23,24.8,22.3,28,9.9,2,
108,서울,2022-07-24,25,22,28.4,1.2,2.1,
108,서울,2022-07-25,27.5,23.6,32,,1.9,
108,서울,2022-07-26,28.9,24.4,33.1,,1.8,
108,서울,2022-07-27,29.3,26.4,33.4,,2,
108,서울,2022-07-28,29.7,25.1,34.4,,2.4,
108,서울,2022-07-29,30.7,27.3,34.3,,2.2,
108,서울,2022-07-30,30.9,27.3,36.1,1,2.6,
108,서울,2022-07-31,27.2,25.4,29,47.2,2.5,
108,서울,2022-08-01,28.6,25.4,32.4,30,2.4,
108,서울,2022-08-02,26.8,25.5,28.5,33.5,2.8,
108,서울,2022-08-03,27.1,25.2,30,51.1,2.8,
108,서울,2022-08-04,28.9,26,32.9,0,2.5,
108,서울,2022-08-05,29.4,27,32.7,0,2.6,
108,서울,2022-08-06,28.7,27.4,30.3,13.6,1.7,
108,서울,2022-08-07,28.9,27.2,31.7,.9,2.4,
108,서울,2022-08-08,26.8,,28.4,129.6,3.3,
108,서울,2022-08-09,25.1,22,26.5,123.1,2.6,
108,서울,2022-08-10,24.7,21.4,28.8,7.6,1.6,
108,서울,2022-08-11,25,23.4,27.5,38.8,1.6,
108,서울,2022-08-12,27,23,32.4,,1.7,
108,서울,2022-08-13,25.8,24.7,27.5,4,1.3,
108,서울,2022-08-14,27.6,24.5,31.5,3,1.9,
108,서울,2022-08-15,28.1,26.6,29.8,.9,4.8,
108,서울,2022-08-16,26.7,24.1,30,0,2.6,
108,서울,2022-08-17,26,22.8,30.5,0,2,
108,서울,2022-08-18,25.6,22.4,29.8,,1.9,
108,서울,2022-08-19,26,23.3,27.5,66.1,2.3,
108,서울,2022-08-20,28.2,25.7,32,0,2.4,
108,서울,2022-08-21,28.1,24.7,32,,1.7,
108,서울,2022-08-22,26.8,22.9,30.2,3.2,2.3,
108,서울,2022-08-23,25.4,22.4,30.2,2.2,2,
108,서울,2022-08-24,24.8,22.4,27.9,,2.5,
108,서울,2022-08-25,22.2,21.1,24,1.6,1.8,
108,서울,2022-08-26,23.8,19.9,28.4,,2.4,
108,서울,2022-08-27,21.5,17.6,25.5,17.6,2.8,
108,서울,2022-08-28,22.6,16.1,28.4,,1.7,
108,서울,2022-08-29,21,19.5,22.5,2.2,2.3,
108,서울,2022-08-30,19.1,17.9,20.3,35.8,2.6,
108,서울,2022-08-31,21.7,19.6,24.9,0,1.8,
108,서울,2022-09-01,24,18.3,30.4,,1.7,
108,서울,2022-09-02,24.7,20.3,29.8,,3.1,
108,서울,2022-09-03,24.2,20.5,29.2,,3.4,
108,서울,2022-09-04,22.3,19.8,24,33.8,3.1,
108,서울,2022-09-05,19.2,17.7,22.7,120,3.2,
108,서울,2022-09-06,21,17,26.3,25.3,3.6,
108,서울,2022-09-07,22.8,17.9,28.1,,1.9,
108,서울,2022-09-08,23.2,16.7,29.5,,1.6,
108,서울,2022-09-09,24.3,18.9,30.8,,2,
108,서울,2022-09-10,23.6,19,28.4,,2.6,
108,서울,2022-09-11,23.3,20.6,26.4,.1,2.1,
108,서울,2022-09-12,23.8,20.3,27.5,,1.6,
108,서울,2022-09-13,24.3,21.8,26.4,0,2.5,
108,서울,2022-09-14,24.6,22.7,27.9,0,4.6,
108,서울,2022-09-15,25.2,22,28.3,.1,3.6,
108,서울,2022-09-16,25.7,23.4,29.9,14.6,2.9,
108,서울,2022-09-17,25.6,23.3,29.4,4.3,1.4,
108,서울,2022-09-18,27.1,23,32.5,,2,
108,서울,2022-09-19,24.6,19.5,29.6,,3.3,
108,서울,2022-09-20,19.9,16.1,24.6,,2.3,
108,서울,2022-09-21,19.4,13,25.6,,1.8,
108,서울,2022-09-22,19.8,14.2,24.7,,2,
108,서울,2022-09-23,17.5,14.7,22.2,3.3,3.1,
108,서울,2022-09-24,18.5,12.3,24.2,,1.8,
108,서울,2022-09-25,19.6,15.4,25.2,,1.6,
108,서울,2022-09-26,20,14.8,25.4,,1.7,
108,서울,2022-09-27,20.9,14,28,,1.6,
108,서울,2022-09-28,20.4,16.1,26.1,,1.8,
108,서울,2022-09-29,20.4,16.4,26.5,,1.4,
108,서울,2022-09-30,20.7,14.8,27.7,,1.6,
108,서울,2022-10-01,20.9,14.4,27.6,,1.6,
108,서울,2022-10-02,19.4,17.2,21.6,15.8,2.7,
108,서울,2022-10-03,21.4,17.5,23.4,76,2.7,
108,서울,2022-10-04,17.9,14.2,23,11.8,2.9,
108,서울,2022-10-05,16.6,14.1,21.6,.1,2.1,
108,서울,2022-10-06,15.8,12.7,19.1,0,2.1,
108,서울,2022-10-07,14.3,11,18.6,,2.5,
108,서울,2022-10-08,15.8,11.1,21.6,,2.5,
108,서울,2022-10-09,13.1,10.7,14.5,20.4,2.1,
108,서울,2022-10-10,9.9,8.2,11.9,0,3.8,
108,서울,2022-10-11,11.1,7.4,16.4,,2.2,
108,서울,2022-10-12,13.5,6.5,20.6,,1.8,
108,서울,2022-10-13,16.3,10.7,22.7,,1.5,
108,서울,2022-10-14,17.1,12.4,23,,1.6,
108,서울,2022-10-15,18.2,12.6,24.4,,1.4,
108,서울,2022-10-16,16.9,15.1,20.5,,1.7,
108,서울,2022-10-17,11.2,7.4,15.1,,3.4,
108,서울,2022-10-18,9.4,5,14.2,,2.3,
108,서울,2022-10-19,10.5,4.4,16.8,,1.8,
108,서울,2022-10-20,12.9,6,19.7,,1.8,
108,서울,2022-10-21,14,8.8,20.9,,1.7,
108,서울,2022-10-22,15.1,10.5,20.8,,1.9,
108,서울,2022-10-23,14,10.4,18.6,,2.7,
108,서울,2022-10-24,10.6,7.5,14.8,,2.8,
108,서울,2022-10-25,11.3,5.9,17.6,,2,
108,서울,2022-10-26,12.9,8,17.8,,1.9,
108,서울,2022-10-27,13.2,8.6,18.9,,1.7,
108,서울,2022-10-28,13.6,8.2,20.6,,1.7,
108,서울,2022-10-29,14.8,10.2,21.3,,1.8,
108,서울,2022-10-30,14.9,10.4,21.3,,1.9,
108,서울,2022-10-31,14.9,11.2,21.1,,2.1,
108,서울,2022-11-01,13.1,9.4,17.8,,1.8,
108,서울,2022-11-02,11.1,5.5,17.9,,1.7,
108,서울,2022-11-03,9.3,5.6,13.4,0,2,
108,서울,2022-11-04,4.9,1.6,9.8,,2.9,
108,서울,2022-11-05,6.5,.8,13.6,,1.7,
108,서울,2022-11-06,9.6,3.7,16.4,,1.8,
108,서울,2022-11-07,11.4,6.1,16.6,0,1.7,
108,서울,2022-11-08,12.9,9.7,17.9,,1.5,
108,서울,2022-11-09,11.4,6.7,16,,1.5,
108,서울,2022-11-10,13.5,8.8,19.1,,1.3,
108,서울,2022-11-11,15.6,10.9,22.1,,1.8,
108,서울,2022-11-12,16.3,11.6,22,57.9,2.2,
108,서울,2022-11-13,10.3,8.7,17.3,,2.6,
108,서울,2022-11-14,9.7,5.9,13.8,,2.3,
108,서울,2022-11-15,8.1,4,12.3,1.6,2,
108,서울,2022-11-16,8.5,5.5,13,,1.7,
108,서울,2022-11-17,10.2,5.4,16.6,,1.6,
108,서울,2022-11-18,11,5.3,18.1,,1.6,
108,서울,2022-11-19,12.9,8.7,19.2,,2.3,
108,서울,2022-11-20,13.7,9.5,20.2,,1.7,
108,서울,2022-11-21,11.8,9.3,16.2,,1.6,
108,서울,2022-11-22,10.7,7,13.7,0,1.9,
108,서울,2022-11-23,10.8,6.8,15.2,0,2.1,
108,서울,2022-11-24,9.4,5.9,14.1,,1.5,
108,서울,2022-11-25,12.3,7.1,17.8,1.7,3,
108,서울,2022-11-26,6.7,1,12.9,,3,
108,서울,2022-11-27,5.4,-1.1,11.5,,2.4,
108,서울,2022-11-28,12.3,7.5,15,19.5,2.7,
108,서울,2022-11-29,6.9,-1.6,15,3.8,3.5,
108,서울,2022-11-30,-5.4,-8.1,-1.6,,3.9,
108,서울,2022-12-01,-5.4,-9.4,-1.2,,2.4,
108,서울,2022-12-02,-2.5,-7.6,3,,1.7,
108,서울,2022-12-03,2.1,-.3,7,1.1,2.6,1
108,서울,2022-12-04,-3.5,-5.2,-.2,,2.8,
108,서울,2022-12-05,-3.1,-7,1.9,,2.4,
108,서울,2022-12-06,.9,-3.9,5.3,.1,2.4,.3
108,서울,2022-12-07,4.9,1.2,9,.1,2.7,
108,서울,2022-12-08,3.7,.1,9.1,,1.4,
108,서울,2022-12-09,4.5,.9,10.2,0,2,
108,서울,2022-12-10,2.6,-.6,6.7,,1.3,
108,서울,2022-12-11,1.6,-1.5,6.8,,1.8,
108,서울,2022-12-12,2,-2,6.3,5.4,1.7,
108,서울,2022-12-13,0,-6.4,3.1,.6,3.5,.8
108,서울,2022-12-14,-8.4,-11,-4.9,,3.2,.5
108,서울,2022-12-15,-4.5,-8.5,-1.3,2.4,2.5,4.5
108,서울,2022-12-16,-6.3,-9.6,-2.2,,2,4.1
108,서울,2022-12-17,-7,-9.8,-3.2,.2,2.7,1.9
108,서울,2022-12-18,-9.5,-12.4,-5.6,,2.6,1.5
108,서울,2022-12-19,-7,-12,-2.5,,1.7,1.4
108,서울,2022-12-20,-3.2,-9.5,2.9,,2.2,1.1
108,서울,2022-12-21,-.1,-2.6,2.6,3.6,2.7,3.5
108,서울,2022-12-22,-7.8,-11.3,-2.6,,4.4,1.9
108,서울,2022-12-23,-11.8,-13.7,-8.6,,4.3,1.8
108,서울,2022-12-24,-8.4,-13.5,-2,,1.8,1.7
108,서울,2022-12-25,-5.4,-9.6,.2,,1.7,1.6
108,서울,2022-12-26,-3.9,-7.9,1.7,,1.4,1.2
108,서울,2022-12-27,-2.6,-7.3,3.3,,1.8,.3
108,서울,2022-12-28,-3.3,-6,.1,.1,2.5,.4
108,서울,2022-12-29,-2.9,-7.8,2.1,0,1.7,
108,서울,2022-12-30,-1.8,-4.4,2.3,0,1.9,
108,서울,2022-12-31,-1.2,-5.1,2.1,0,1.4,
108,서울,2023-01-01,-.2,-4.3,3.8,,2.7,
108,서울,2023-01-02,-4.5,-7.4,-.4,,2.5,
108,서울,2023-01-03,-5,-9,.6,,1.8,
108,서울,2023-01-04,-1.8,-5.7,3.3,,1.9,
108,서울,2023-01-05,-1.6,-5.6,3.6,,1.6,
108,서울,2023-01-06,.6,-4.7,5.7,3.9,2.2,3.6
108,서울,2023-01-07,1.5,-1.4,3.8,.1,2.2,3.6
108,서울,2023-01-08,1.3,-3.7,6.3,,1.7,
108,서울,2023-01-09,3.1,-1.3,7,,2.3,
108,서울,2023-01-10,1.6,-3.9,9.1,,1.5,
108,서울,2023-01-11,2.6,-2,9.2,,1.6,
108,서울,2023-01-12,5.9,-.6,12.5,0,2.2,
108,서울,2023-01-13,8.3,5.1,10.1,37.3,2.5,
108,서울,2023-01-14,6.6,3.8,8.4,1.6,2.5,
108,서울,2023-01-15,-.2,-3.5,3.8,3.2,2.8,.6
108,서울,2023-01-16,-4.6,-6.8,-1.2,0,2.7,.3
108,서울,2023-01-17,-3.7,-7,-.4,0,1.8,
108,서울,2023-01-18,-1.9,-4.6,2.2,0,2,
108,서울,2023-01-19,-.4,-6,4.3,1,2.5,
108,서울,2023-01-20,-3.3,-7.7,2,,3.7,
108,서울,2023-01-21,-4.5,-10.5,1.5,,1.8,
108,서울,2023-01-22,-.6,-2.8,2.6,0,2.6,
108,서울,2023-01-23,-.8,-6.9,4.6,,2.7,
108,서울,2023-01-24,-14.7,-17,-6.9,0,4.6,
108,서울,2023-01-25,-11.3,-17.3,-5.4,0,2.1,
108,서울,2023-01-26,-6,-9,-3.5,.8,2.5,4.5
108,서울,2023-01-27,-7.3,-9.6,-3.8,,3.5,1.7
108,서울,2023-01-28,-6,-11.2,-.6,0,2.4,
108,서울,2023-01-29,-1.8,-8,4.9,,2.6,
108,서울,2023-01-30,-.9,-4.4,4.2,,2.1,
108,서울,2023-01-31,2.4,-3.5,7.8,,2.7,
108,서울,2023-02-01,.9,-3,6,,3.2,
108,서울,2023-02-02,-2.4,-5.1,1.4,,2.5,
108,서울,2023-02-03,-1.6,-3.9,3.4,,2.2,
108,서울,2023-02-04,-.2,-5.2,6,,2,
108,서울,2023-02-05,1.7,-3.3,7.1,,1.8,
108,서울,2023-02-06,3,-1.7,8.8,,1.6,
108,서울,2023-02-07,3.5,-.6,9.5,,1.5,
108,서울,2023-02-08,2.1,-1.3,7.8,,2.5,
108,서울,2023-02-09,4,-2.8,9.9,0,2.5,
108,서울,2023-02-10,3.8,1.1,6.2,.6,2.2,
108,서울,2023-02-11,2.8,-1.2,8.5,,1.8,
108,서울,2023-02-12,3.7,-.9,7.6,,1.8,
108,서울,2023-02-13,5.9,2.7,8.4,,2.3,
108,서울,2023-02-14,1.7,-2.5,6.6,,2.7,
108,서울,2023-02-15,3.2,-1.2,8.9,,2.5,
108,서울,2023-02-16,2.3,-.7,4.5,0,2.7,
108,서울,2023-02-17,3.4,-1.5,9.8,,1.8,
108,서울,2023-02-18,5.7,3,8.1,,1.5,
108,서울,2023-02-19,3.5,.2,6.1,.4,3.3,
108,서울,2023-02-20,-.5,-3.5,2.4,,3.3,
108,서울,2023-02-21,-1.3,-5.3,4.8,,2.1,
108,서울,2023-02-22,1.2,-4.5,8.4,,2.2,
108,서울,2023-02-23,2.9,-1.8,9.2,,1.9,
108,서울,2023-02-24,3.5,-.4,8.5,,3,
108,서울,2023-02-25,.7,-2.9,5.7,,2.9,
108,서울,2023-02-26,2.2,-3.4,9.4,,2.1,
108,서울,2023-02-27,4.4,-1.8,12.4,,1.9,
108,서울,2023-02-28,4.3,-.7,8.7,,2,
108,서울,2023-03-01,6,2.9,9,,3.1,
108,서울,2023-03-02,2.2,-1.8,6.6,,2.8,
108,서울,2023-03-03,4.6,-1.9,10.4,,2.1,
108,서울,2023-03-04,7.7,3.7,14.1,,1.9,
108,서울,2023-03-05,8,2.5,15.4,,1.7,
108,서울,2023-03-06,9.2,2.2,16.5,,2.1,
108,서울,2023-03-07,11.7,6.3,19.4,,2.3,
108,서울,2023-03-08,12.5,7.4,17.7,1.2,2,
108,서울,2023-03-09,10.3,7.4,13.1,3.7,2.3,
108,서울,2023-03-10,13.5,6.2,22.2,,2.1,
108,서울,2023-03-11,15.2,10.2,22.8,,2.4,
108,서울,2023-03-12,5.9,.6,12.6,5.6,3.7,
108,서울,2023-03-13,2.9,-1.9,7.6,,3.2,
108,서울,2023-03-14,9.2,3.3,15.4,,2.9,
108,서울,2023-03-15,8.6,3.5,14.4,,3,
108,서울,2023-03-16,4.6,.4,9,,2.4,
108,서울,2023-03-17,7.2,.7,12.7,,1.7,
108,서울,2023-03-18,7.7,2.5,14,,2.6,
108,서울,2023-03-19,8.3,2.3,15.2,,2.1,
108,서울,2023-03-20,9.5,2.6,17.1,,1.6,
108,서울,2023-03-21,13,5,22.2,,1.7,
108,서울,2023-03-22,17,9.2,25.1,,1.8,
108,서울,2023-03-23,17.4,12.3,23.3,0,2.5,
108,서울,2023-03-24,12.5,7.6,18.3,,2.3,
108,서울,2023-03-25,12.5,8,18.7,,2.3,
108,서울,2023-03-26,9.4,4.7,14,,3.6,
108,서울,2023-03-27,7.3,1.9,14.5,,2.3,
108,서울,2023-03-28,9.2,2.8,15.7,,2.1,
108,서울,2023-03-29,11.8,5.1,19.7,,1.9,
108,서울,2023-03-30,13.3,6.4,21.2,,2.2,
108,서울,2023-03-31,15,7.5,23.9,,2.1,
108,서울,2023-04-01,17.5,9.4,25.6,,1.8,
108,서울,2023-04-02,18.8,11.9,25.2,,2.4,
108,서울,2023-04-03,19,11.3,25.9,,2.3,
108,서울,2023-04-04,17.6,12.7,21.7,6.9,2.6,
108,서울,2023-04-05,11.9,8.7,14.9,50.3,3.4,
108,서울,2023-04-06,8.8,7.4,9.7,2.7,2.5,
108,서울,2023-04-07,8.9,4.6,15.7,,2.9,
108,서울,2023-04-08,8.8,3.1,14.9,,3.2,
108,서울,2023-04-09,10.8,3.5,17.8,,2.5,
108,서울,2023-04-10,13.2,6.2,19.1,,2.7,
108,서울,2023-04-11,13.1,9.2,17.4,2.9,3.6,
108,서울,2023-04-12,10.1,4.8,15.3,,2.7,
108,서울,2023-04-13,11.9,5.1,17.2,0,1.8,
108,서울,2023-04-14,16.2,11.9,21.3,,1.6,
108,서울,2023-04-15,13.5,9.3,16.6,4.6,2.2,
108,서울,2023-04-16,10.8,7.5,16.1,0,2.5,
108,서울,2023-04-17,13.1,6.8,18.1,,2,
108,서울,2023-04-18,14,10.7,18.4,1.5,2.7,
108,서울,2023-04-19,19.1,11.5,28.4,,2.4,
108,서울,2023-04-20,15.8,14.5,18.9,.5,2.4,
108,서울,2023-04-21,16.7,11.4,22.8,,2.5,
108,서울,2023-04-22,16.9,12.2,22.5,,2.6,
108,서울,2023-04-23,16.1,10.7,22.1,,2.1,
108,서울,2023-04-24,15.8,11.5,21.3,,2.7,
108,서울,2023-04-25,10.9,9,13.2,.4,1.9,
108,서울,2023-04-26,10.2,7.4,13.5,0,3.1,
108,서울,2023-04-27,12.9,5.1,20,,1.9,
108,서울,2023-04-28,15.7,9,21.3,1.9,2.1,
108,서울,2023-04-29,13.2,9.9,15.8,25.1,2.9,
108,서울,2023-04-30,12.7,7.9,17.9,.1,3.3,
108,서울,2023-05-01,14.6,9.8,20.8,,2.5,
108,서울,2023-05-02,16.7,9.1,23.7,,2.1,
108,서울,2023-05-03,19.5,12.4,26.2,,2.1,
108,서울,2023-05-04,21.4,15.6,25.8,,2.1,
108,서울,2023-05-05,18.4,15.5,21.6,30.2,2.5,
108,서울,2023-05-06,12.6,11.7,15.5,47.5,5.4,
108,서울,2023-05-07,14.4,11.1,18.6,,2.6,
108,서울,2023-05-08,15.3,7.9,22,,2.2,
108,서울,2023-05-09,17,10,24.4,,2.3,
108,서울,2023-05-10,18.4,10.7,26,,1.8,
108,서울,2023-05-11,19.5,12.8,26.7,,2.3,
108,서울,2023-05-12,18.4,13.1,24.7,,1.8,
108,서울,2023-05-13,17.8,12.6,23.9,0,2,
108,서울,2023-05-14,18.1,12.9,23.8,,2,
108,서울,2023-05-15,20.6,12.8,27.9,,2.4,
108,서울,2023-05-16,24,17.2,31.2,,2.5,
108,서울,2023-05-17,23.5,18.6,28.7,,3.4,
108,서울,2023-05-18,21.2,18.8,27.6,1.3,2.1,
108,서울,2023-05-19,22.3,16.7,27.8,,2.3,
108,서울,2023-05-20,21.2,16.6,26.7,,3,
108,서울,2023-05-21,17.8,15.3,21.9,.2,3,
108,서울,2023-05-22,20.3,15.9,26.8,0,1.9,
108,서울,2023-05-23,20.5,14.1,26.9,,2.2,
108,서울,2023-05-24,20.6,14.8,25.9,,2,
108,서울,2023-05-25,21.2,15.7,27.4,0,2.4,
108,서울,2023-05-26,21.4,15.8,27.3,.5,2.1,
108,서울,2023-05-27,19.3,18.6,20.7,31.8,1.7,
108,서울,2023-05-28,19.2,18.4,20.2,41.8,1.8,
108,서울,2023-05-29,23.2,19,28.5,2.3,1.6,
108,서울,2023-05-30,24,20.5,28.9,,2.2,
108,서울,2023-05-31,22.8,18.8,28.2,,2.5,
108,서울,2023-06-01,22.8,19.7,26.3,,1.9,
108,서울,2023-06-02,20.4,17.9,25,0,2.3,
108,서울,2023-06-03,22,16.6,27.8,,2.7,
108,서울,2023-06-04,22.1,16.9,28,,2.4,
108,서울,2023-06-05,21.5,17.6,26.3,,2.6,
108,서울,2023-06-06,20.3,17.3,25.2,0,2.6,
108,서울,2023-06-07,21.4,18.9,25.7,0,2.1,
108,서울,2023-06-08,20.4,18.3,23.9,1.9,2.4,
108,서울,2023-06-09,23.3,18.3,28.4,1.2,2,
108,서울,2023-06-10,23.2,19.6,28.5,.8,2.3,
108,서울,2023-06-11,22.1,17.9,27.3,32.2,2.2,
108,서울,2023-06-12,22.2,18.4,27.5,0,1.7,
108,서울,2023-06-13,22,19.2,26,0,2.2,
108,서울,2023-06-14,20.6,17.5,25,30.6,1.5,
108,서울,2023-06-15,22.7,17.7,28.3,,2.1,
108,서울,2023-06-16,23.7,19.1,28.9,,2.1,
108,서울,2023-06-17,24.2,18.9,30.2,,2,
108,서울,2023-06-18,25.9,20.8,32.6,,2,
108,서울,2023-06-19,28.5,23.3,34,,2.2,
108,서울,2023-06-20,24.7,21.4,26.4,6.4,1.9,
108,서울,2023-06-21,20.5,19.2,22.1,24.9,2.1,
108,서울,2023-06-22,22.5,18.9,26.4,0,2.2,
108,서울,2023-06-23,24.4,20,29.9,,1.5,
108,서울,2023-06-24,26.4,21.9,31.1,,2,
108,서울,2023-06-25,28.2,22.8,33.1,,2.1,
108,서울,2023-06-26,24.2,22.3,27.5,30.3,2.9,
108,서울,2023-06-27,25.3,21.4,29.1,2.5,3.2,
108,서울,2023-06-28,26.5,24.2,30.1,0,2.5,
108,서울,2023-06-29,24.2,23.2,25.9,63.8,2.3,
108,서울,2023-06-30,25.3,23.2,29.1,1,1.8,
108,서울,2023-07-01,27.7,23.3,32.9,,2,
108,서울,2023-07-02,26.7,23.5,30.6,,1.9,
108,서울,2023-07-03,29.1,24.1,34.9,,1.8,
108,서울,2023-07-04,26.1,24.5,29.2,61.8,2.3,
108,서울,2023-07-05,24.5,22.1,27.1,15.3,3.7,
108,서울,2023-07-06,27.3,22.4,31.8,,2.7,
108,서울,2023-07-07,26.7,23.3,31.4,,2.3,
108,서울,2023-07-08,25.6,22.4,29.7,,2.2,
108,서울,2023-07-09,24.7,21.6,27,47.5,2,
108,서울,2023-07-10,26.3,22.9,30.9,11.5,2.3,
108,서울,2023-07-11,23.5,21.6,25.9,58.3,1.9,
108,서울,2023-07-12,25.8,22,29.1,.7,1.5,
108,서울,2023-07-13,25.2,24.7,26.5,91.6,1.6,
108,서울,2023-07-14,24.6,23.9,25.1,72.7,2.9,
108,서울,2023-07-15,24.5,23.7,25.7,2.3,3,
108,서울,2023-07-16,24.6,23.7,25.4,9.7,2.3,
108,서울,2023-07-17,25.5,23.7,27.8,1.4,1.7,
108,서울,2023-07-18,25.2,24.1,27.7,2.3,1.4,
108,서울,2023-07-19,27.2,22.5,32.4,,1.7,
108,서울,2023-07-20,27.9,24,32.8,,1.8,
108,서울,2023-07-21,29.5,24.6,34.3,,1.8,
108,서울,2023-07-22,27.7,24.6,32.5,12.3,2.6,
108,서울,2023-07-23,25.2,24.5,25.8,40.2,2.1,
108,서울,2023-07-24,26.9,24.6,30,.4,2,
108,서울,2023-07-25,27.8,25.8,30.5,5.6,2.7,
108,서울,2023-07-26,27.6,24.9,31.1,1,2.2,
108,서울,2023-07-27,28.4,24.4,32.2,0,1.9,
108,서울,2023-07-28,29.5,25.4,34.1,,2.1,
108,서울,2023-07-29,29.1,26.1,33.3,,2,
108,서울,2023-07-30,28.8,24.9,34.9,25,1.9,
108,서울,2023-07-31,28.7,25.6,33.4,.3,1.7,
108,서울,2023-08-01,29.9,25.5,34.2,,1.9,
108,서울,2023-08-02,29.7,26.8,33.7,,2.1,
108,서울,2023-08-03,29.5,25.8,33.8,,2.1,
108,서울,2023-08-04,30,26.5,34.4,,1.9,
108,서울,2023-08-05,30.3,26.4,34.9,,2,
108,서울,2023-08-06,29.8,27,33,4.9,1.7,
108,서울,2023-08-07,30.4,27.3,34.6,,2.7,
108,서울,2023-08-08,30.9,26.4,35.8,,2.9,
108,서울,2023-08-09,28.3,25.1,31.6,.2,3.2,
108,서울,2023-08-10,22.2,20.9,25.1,86.1,3.7,
108,서울,2023-08-11,23.5,21.6,24.9,46.7,2.3,
108,서울,2023-08-12,23.3,22.5,24.1,1.5,1.9,
108,서울,2023-08-13,27,22.6,31.1,,1.7,
108,서울,2023-08-14,28.1,24.8,31.9,,1.6,
108,서울,2023-08-15,28.6,24.7,32.7,,2.3,
108,서울,2023-08-16,27.3,24.7,31.6,.3,2.1,
108,서울,2023-08-17,28.2,24.5,32.4,,1.7,
108,서울,2023-08-18,29.1,25.5,33.3,.1,1.9,
108,서울,2023-08-19,29.1,26.4,33.6,,1.9,
108,서울,2023-08-20,28.3,25.5,31.8,0,1.6,
108,서울,2023-08-21,29.5,26,33.6,0,2.4,
108,서울,2023-08-22,27.6,25.8,32.2,42.6,2.4,
108,서울,2023-08-23,24.8,23.2,27.2,41.8,2.2,
108,서울,2023-08-24,25.1,22.3,27.8,5.2,2.8,
108,서울,2023-08-25,26.5,24,30,0,2.6,
108,서울,2023-08-26,26.4,23.3,30.3,,1.8,
108,서울,2023-08-27,26.1,22.7,29.6,0,1.8,
108,서울,2023-08-28,22.7,20.8,25.6,10.4,3.3,
108,서울,2023-08-29,23.9,22.5,25.5,54.8,2.1,
108,서울,2023-08-30,22.8,21.5,24.5,3.5,1.1,
108,서울,2023-08-31,23.9,21,28.9,,1.3,
108,서울,2023-09-01,24.5,19.7,29.6,,2,
108,서울,2023-09-02,25.4,19.7,30.8,,1.6,
108,서울,2023-09-03,25.8,23.1,28.8,.1,2.2,
108,서울,2023-09-04,27,24.3,30.2,.3,1.8,
108,서울,2023-09-05,28.5,25,32.8,0,1.8,
108,서울,2023-09-06,27.9,24,32.1,,2.4,
108,서울,2023-09-07,26.3,20.9,31.6,,2.5,
108,서울,2023-09-08,25.3,19.6,30.5,,2.3,
108,서울,2023-09-09,25.8,20.8,31.2,,1.8,
108,서울,2023-09-10,25.7,22,29.6,,1.6,
108,서울,2023-09-11,25.5,23.1,29.8,,1.9,
108,서울,2023-09-12,25.7,21.7,29.8,,1.5,
108,서울,2023-09-13,22.1,19.6,24.6,15.9,1.8,
108,서울,2023-09-14,23.4,19.2,27.2,,2.4,
108,서울,2023-09-15,22.3,20.3,24.3,2.1,2.6,
108,서울,2023-09-16,23.9,22,26.6,38.7,1.7,
108,서울,2023-09-17,24.7,22,28,3,1.4,
108,서울,2023-09-18,24.7,22.1,28.9,,1.9,
108,서울,2023-09-19,24.1,21.6,27.2,,1.6,
108,서울,2023-09-20,20.6,18.8,23.9,35.8,2.7,
108,서울,2023-09-21,20.1,17.5,23.6,0,2.3,
108,서울,2023-09-22,20.5,15.2,26.7,,1.7,
108,서울,2023-09-23,21.8,16.3,27.6,,2.5,
108,서울,2023-09-24,21.8,17.9,26.2,,2.9,
108,서울,2023-09-25,21.6,17.9,26,1.9,2.3,
108,서울,2023-09-26,19.9,18.6,20.8,27.8,2.4,
108,서울,2023-09-27,21.5,20,23.7,4.4,1.8,
108,서울,2023-09-28,22.7,19.6,27.3,,2,
108,서울,2023-09-29,21.1,17.4,26.9,,1.4,
108,서울,2023-09-30,19.7,17.1,22.2,4.5,2.2,
108,서울,2023-10-01,18.4,14.4,23.7,,2.4,
108,서울,2023-10-02,18.2,12.9,24.6,,1.7,
108,서울,2023-10-03,17.5,14.4,22.5,,1.7,
108,서울,2023-10-04,17.3,14.2,23.2,14.7,2.1,
108,서울,2023-10-05,14.2,9.9,19.2,,2.6,
108,서울,2023-10-06,15.5,9.6,21.5,,1.6,
108,서울,2023-10-07,16.8,11.7,21.2,,2.1,
108,서울,2023-10-08,17.1,15.2,19.5,0,2.5,
108,서울,2023-10-09,17.4,14.1,22.4,1.2,1.9,
108,서울,2023-10-10,17.1,11.9,23.5,,1.6,
108,서울,2023-10-11,17.6,12.9,24,,1.7,
108,서울,2023-10-12,17.5,12,24.1,,1.5,
108,서울,2023-10-13,17.5,14.3,21.5,,1.5,
108,서울,2023-10-14,14.7,12.9,18.2,5.8,1.4,
108,서울,2023-10-15,16.1,10.9,21.2,,2,
108,서울,2023-10-16,14.7,10.7,19.6,,2.4,
108,서울,2023-10-17,13.8,7.5,20.9,,1.6,
108,서울,2023-10-18,15.7,9.2,21.6,,2.1,
108,서울,2023-10-19,17,14.9,18.9,8.2,1.5,
108,서울,2023-10-20,11.6,7.2,15.1,,3.2,
108,서울,2023-10-21,10.4,5.9,16.6,1.1,2.3,
108,서울,2023-10-22,12.5,5.4,18.7,,1.7,
108,서울,2023-10-23,15.2,11.1,21.4,,1.7,
108,서울,2023-10-24,15.6,11.2,19.3,,1.7,
108,서울,2023-10-25,16.6,12.7,21.9,,1.4,
108,서울,2023-10-26,17.2,14.6,21.1,0,2.1,
108,서울,2023-10-27,15.7,12.6,20.2,,1.9,
108,서울,2023-10-28,14.2,9.4,20.7,,1.4,
108,서울,2023-10-29,14.9,9.8,21.8,,1.7,
108,서울,2023-10-30,15.1,9.7,21.9,,1.7,
108,서울,2023-10-31,16.5,12.7,20.8,,1.8,
108,서울,2023-11-01,19,17.2,20.6,0,2.4,
108,서울,2023-11-02,20.8,18.7,25.9,,2.9,
108,서울,2023-11-03,19.5,17.7,22.4,8.5,2.8,
108,서울,2023-11-04,17.4,14.1,20.9,,2.6,
108,서울,2023-11-05,17.3,15.1,20.4,10.4,3.3,
108,서울,2023-11-06,13.3,6.6,19.3,45.8,4.9,
108,서울,2023-11-07,5.8,3.6,9.9,0,3.2,
108,서울,2023-11-08,8.4,1.8,16.1,,1.7,
108,서울,2023-11-09,11.4,5.9,18.4,5.1,2.1,
108,서울,2023-11-10,3.4,.5,9.1,,3.9,
108,서울,2023-11-11,1.7,-1.9,6.7,,2.2,
108,서울,2023-11-12,1.2,-2,5.7,,2.2,
108,서울,2023-11-13,2,-2.2,6.7,,2.3,
108,서울,2023-11-14,5,-.8,10.8,,1.7,
108,서울,2023-11-15,7,2,12.5,,1.5,
108,서울,2023-11-16,6.6,5.7,7.4,8.4,1.9,
108,서울,2023-11-17,1.6,-1.9,5.9,0,2.9,
108,서울,2023-11-18,.6,-3.8,5.7,,3.5,
108,서울,2023-11-19,5.9,-.3,13.4,,2.4,
108,서울,2023-11-20,6.2,1.8,12.8,,1.5,
108,서울,2023-11-21,7.4,1.4,14.8,,1.7,
108,서울,2023-11-22,9.5,2.9,15.1,,1.8,
108,서울,2023-11-23,9.9,1.9,14.6,.1,3.3,
108,서울,2023-11-24,-1.5,-4.4,2.2,,3.8,
108,서울,2023-11-25,-1.3,-5.9,4,,1.8,
108,서울,2023-11-26,4,-.1,7.2,0,1.4,
108,서울,2023-11-27,6.2,4.4,9.3,3.6,2.4,
108,서울,2023-11-28,1.3,-1.2,5.2,0,3.2,
108,서울,2023-11-29,-1.4,-4,3,0,2.5,
108,서울,2023-11-30,-4.3,-7.3,-.5,,2.8,
108,서울,2023-12-01,-3.2,-6.8,.7,,2,
108,서울,2023-12-02,2,-4.4,8,0,2.4,
108,서울,2023-12-03,.8,-2.8,6,,1.7,
108,서울,2023-12-04,2.7,-3,9.4,,1.6,
108,서울,2023-12-05,6.8,3.8,12.6,,2,
108,서울,2023-12-06,6.1,3.9,8.7,3.8,2.3,
108,서울,2023-12-07,6.6,.8,11.4,,2.6,
108,서울,2023-12-08,11.2,5.1,16.8,,3,
108,서울,2023-12-09,13.7,11.7,16.2,,2,
108,서울,2023-12-10,11.4,6.7,15.5,0,,
108,서울,2023-12-11,8.9,5,12.3,11.4,,
108,서울,2023-12-12,5.4,3.5,9.3,.4,2.7,
108,서울,2023-12-13,6.8,2.6,10.3,,2.4,
108,서울,2023-12-14,7.6,6.2,9.1,17,4.5,
108,서울,2023-12-15,4.9,3.7,6.2,31.1,3.6,
108,서울,2023-12-16,-4.1,-9.9,3.8,1.5,5.2,1
108,서울,2023-12-17,-9.8,-12.4,-6.4,,3.2,
108,서울,2023-12-18,-7.7,-12.2,-3.6,,2.2,
108,서울,2023-12-19,-3.7,-8.2,.2,.3,1.9,.9
108,서울,2023-12-20,-7.4,-11.9,-2.1,.8,3.4,2.1
108,서울,2023-12-21,-11.7,-14.4,-8,,3,.5
108,서울,2023-12-22,-11.6,-14.7,-8,,2.7,.4
108,서울,2023-12-23,-6.8,-12.7,-.9,,1.8,.2
108,서울,2023-12-24,-2.2,-5.6,3,1.1,1.6,1.5
108,서울,2023-12-25,-.7,-2.7,2.1,.7,1.5,3
108,서울,2023-12-26,1.9,-2.6,7.2,,1.8,
108,서울,2023-12-27,1.5,-2.8,6.8,,1.4,
108,서울,2023-12-28,1.2,-1.7,4.4,,1.6,
108,서울,2023-12-29,1.3,-1.5,4.6,,1.7,
108,서울,2023-12-30,.6,-.9,2.1,13.1,2.6,12.2
108,서울,2023-12-31,2.1,.6,4.3,4.7,2,8.8
108,서울,2024-01-01,3.3,-.3,7.3,0,1.7,2.4
108,서울,2024-01-02,2.9,2.2,4.3,0,1.6,
108,서울,2024-01-03,1.8,-1.1,4,.6,1.6,
108,서울,2024-01-04,1.4,-3.3,4.7,,1.9,
108,서울,2024-01-05,5,1.4,9.1,0,2.3,
108,서울,2024-01-06,.7,-2.7,5.2,2.4,2.2,6
108,서울,2024-01-07,-4.4,-8.3,-.9,,3.1,5.6
108,서울,2024-01-08,-4.7,-10.3,0,,1.8,1.5
108,서울,2024-01-09,-.6,-1.9,.4,1.6,2,3.1
108,서울,2024-01-10,-1,-4.1,3.3,,1.7,3
108,서울,2024-01-11,1.7,-2.4,4.5,,1.9,2
108,서울,2024-01-12,.9,-1.4,4.2,,2.3,
108,서울,2024-01-13,.4,-3.8,6.4,,1.4,
108,서울,2024-01-14,-.6,-3.3,2.4,3.1,2.1,
108,서울,2024-01-15,-3.7,-6.9,.9,,2.5,
108,서울,2024-01-16,-2.1,-7.2,4.3,,1.5,
108,서울,2024-01-17,.6,-2.3,1.9,9.7,2,2.3
108,서울,2024-01-18,4.5,1.4,9.4,.5,2.4,1.1
108,서울,2024-01-19,5.4,4,9,,4.5,
108,서울,2024-01-20,3.4,1.9,4.9,.4,5.3,
108,서울,2024-01-21,1.7,-2.4,4.3,.4,2.5,
108,서울,2024-01-22,-8.7,-11.9,-2.4,.2,4.1,2.3
108,서울,2024-01-23,-11.7,-14,-8.2,,3.9,
108,서울,2024-01-24,-8,-11.2,-3.7,,3.3,
108,서울,2024-01-25,-5.3,-9.7,-.5,,2.1,
108,서울,2024-01-26,-1.7,-6.9,4,,1.9,
108,서울,2024-01-27,-.5,-4.6,4.6,,1.8,
108,서울,2024-01-28,-1.5,-5,3.8,,1.9,
108,서울,2024-01-29,-.4,-4.8,4.6,,1.7,
108,서울,2024-01-30,1.4,-4,8.1,,1.4,
108,서울,2024-01-31,4.7,.7,10.6,,1.9,
108,서울,2024-02-01,2.4,-1.3,8.2,,2.1,
108,서울,2024-02-02,3.1,.7,7.9,,2.1,
108,서울,2024-02-03,4.7,-.2,8.3,0,2.2,
108,서울,2024-02-04,7.3,3.7,12.2,,1.8,
108,서울,2024-02-05,2.7,.1,6.6,3.9,5,3.6
108,서울,2024-02-06,1.2,0,2.9,.2,2.2,3.8
108,서울,2024-02-07,.6,-.9,2.7,0,2.1,
108,서울,2024-02-08,.6,-3,6.2,,1.6,
108,서울,2024-02-09,1.1,-2.5,6.1,,2.2,
108,서울,2024-02-10,1.7,-1.5,7.4,,1.9,
108,서울,2024-02-11,1,-3.1,5.5,0,2.2,
108,서울,2024-02-12,3.5,-2.9,10.5,,1.8,
108,서울,2024-02-13,8.2,2,13.7,,2.5,
108,서울,2024-02-14,12.9,8.8,18.3,,2.2,
108,서울,2024-02-15,4.5,.6,11.6,10.9,2.9,1.5
108,서울,2024-02-16,2.3,-1.5,8.1,,1.8,
108,서울,2024-02-17,4.4,-1.2,11.7,,1.7,
108,서울,2024-02-18,6.2,1.2,9.4,17.1,2.8,
108,서울,2024-02-19,9.1,4.2,11.9,8.9,2.3,
108,서울,2024-02-20,4.3,2.8,6.8,2.6,3.4,
108,서울,2024-02-21,1.9,0,4,17.8,5.2,5.2
108,서울,2024-02-22,.2,-1.1,1.6,8.8,4.2,13.8
108,서울,2024-02-23,1.8,-1,6.1,.4,3.5,10.2
108,서울,2024-02-24,2,-1.3,5.9,2.3,2.9,2
108,서울,2024-02-25,2.8,.8,5.9,1.8,2,.2
108,서울,2024-02-26,3.8,-1.2,9.7,,1.9,
108,서울,2024-02-27,5.3,1.2,9.8,,3,
108,서울,2024-02-28,6.4,3.2,10.1,,2.1,
108,서울,2024-02-29,4.8,.3,9.6,,2.2,
108,서울,2024-03-01,-4.1,-7.1,.3,,4.4,
108,서울,2024-03-02,-.5,-8.1,4.1,0,3.2,
108,서울,2024-03-03,4,.4,7.8,,2.9,
108,서울,2024-03-04,5.4,-1.8,11.7,,1.6,
108,서울,2024-03-05,8,5.5,11,,2.9,
108,서울,2024-03-06,6.2,2.5,10.3,,2.8,
108,서울,2024-03-07,3.9,1.2,8.2,2.1,3,
108,서울,2024-03-08,2.1,-.7,6.5,,3.4,
108,서울,2024-03-09,2,-2.1,7.1,,2.7,
108,서울,2024-03-10,4.2,-1.8,10.6,,2.1,
108,서울,2024-03-11,6.2,2,10.8,,,
108,서울,2024-03-12,6.6,4.4,10,2.1,,
108,서울,2024-03-13,6.5,1.3,12,,2.7,
108,서울,2024-03-14,8.5,3.4,15.4,,,
108,서울,2024-03-15,8.9,4,14.5,,2.3,
108,서울,2024-03-16,10.9,4.4,18.3,,2.1,
108,서울,2024-03-17,8.8,5.4,12.2,.1,3.7,
108,서울,2024-03-18,7.1,1.4,13.2,,2.4,
108,서울,2024-03-19,6.7,3.9,9.8,.2,3.7,
108,서울,2024-03-20,4.4,1.2,8.7,,3.4,
108,서울,2024-03-21,5,-1.2,11.5,,2,
108,서울,2024-03-22,10.4,3.8,15.2,5.4,3.4,
108,서울,2024-03-23,13,9.3,18.2,.1,2.3,
108,서울,2024-03-24,16.2,10.5,23.4,,2.4,
108,서울,2024-03-25,10.6,6.7,14.5,5.1,4,
108,서울,2024-03-26,7.4,3.2,12.4,11.5,2.6,
108,서울,2024-03-27,10.4,4.4,16.2,,2,
108,서울,2024-03-28,10.3,7.8,12.2,1.9,1.8,
108,서울,2024-03-29,7.6,5,12.3,1.4,2.8,
108,서울,2024-03-30,8.8,3,15.6,,2.4,
108,서울,2024-03-31,10.6,3.4,17.7,,1.9,
108,서울,2024-04-01,12.2,5.5,19,,1.8,
108,서울,2024-04-02,15.4,7,23.9,,2,
108,서울,2024-04-03,16.6,13.9,19.7,0,1.8,
108,서울,2024-04-04,15.5,12.4,20.3,,2.9,
108,서울,2024-04-05,14,10.2,18.8,,2.5,
108,서울,2024-04-06,12.7,8,18.9,,1.9,
108,서울,2024-04-07,14.8,7.7,23.4,,2,
108,서울,2024-04-08,16.2,11,22.8,,2.1,
108,서울,2024-04-09,15.3,10.6,20.8,,3.5,
108,서울,2024-04-10,13.8,10.2,18.5,,2.6,
108,서울,2024-04-11,15.5,11.7,21.1,0,1.8,
108,서울,2024-04-12,17.2,12,24.2,,2.1,
108,서울,2024-04-13,19.1,11.2,27.3,,1.9,
108,서울,2024-04-14,20.8,13.6,29.4,,1.9,
108,서울,2024-04-15,16,11.7,20,17.1,2.5,
108,서울,2024-04-16,13.3,11.5,17.9,2.3,2.5,
108,서울,2024-04-17,15,9.7,21.8,,2.2,
108,서울,2024-04-18,17.3,10.7,24.9,,2.2,
108,서울,2024-04-19,17.6,11.5,24.3,,2.1,
108,서울,2024-04-20,14.9,13,17.2,4.8,3,
108,서울,2024-04-21,17.2,13.3,21.7,,3.8,
108,서울,2024-04-22,18.8,15,24.1,,3.1,
108,서울,2024-04-23,17.3,13.2,24.2,0,3.6,
108,서울,2024-04-24,13.2,11,16.5,9,3,
108,서울,2024-04-25,14.4,10.3,20.8,,1.9,
108,서울,2024-04-26,17.8,11.4,26,,1.9,
108,서울,2024-04-27,18.2,11.5,26.2,,1.9,
108,서울,2024-04-28,20.7,13,28.9,,1.6,
108,서울,2024-04-29,20.9,16.9,26.1,,3,
108,서울,2024-04-30,18.6,16,22.5,,2.2,
108,서울,2024-05-01,18.5,13.9,24,,2.4,
108,서울,2024-05-02,18.1,12.4,23.7,,2.4,
108,서울,2024-05-03,19.7,12.2,27.9,,1.9,
108,서울,2024-05-04,21.4,14.6,28.5,0,1.9,
108,서울,2024-05-05,17.8,15.7,20.6,48.3,2.5,
108,서울,2024-05-06,13.9,13.4,15.7,12.3,3.1,
108,서울,2024-05-07,13.3,12.2,15,2.4,3,
108,서울,2024-05-08,14.7,9,21.4,,2.3,
108,서울,2024-05-09,16.1,10.9,21.8,,2.9,
108,서울,2024-05-10,17.9,12.5,23.8,,2.6,
108,서울,2024-05-11,17,14,22,31.7,3.5,
108,서울,2024-05-12,16.6,11.9,21.6,,2.7,
108,서울,2024-05-13,18.3,11.9,24.5,,2.3,
108,서울,2024-05-14,18.8,12.7,24.7,,2.4,
108,서울,2024-05-15,12.6,7.2,18.8,20.6,2.7,
108,서울,2024-05-16,13.7,6.9,19.8,.1,3.1,
108,서울,2024-05-17,18.3,10.8,24.9,,2.2,
108,서울,2024-05-18,20.7,16,26.5,,2,
108,서울,2024-05-19,21.5,15.9,27.9,,1.9,
108,서울,2024-05-20,19.4,16.8,22.8,,2.3,
108,서울,2024-05-21,21.7,16.3,28.3,,1.9,
108,서울,2024-05-22,20.5,16.4,25.5,,2.3,
108,서울,2024-05-23,20.2,15.8,26.4,,2.5,
108,서울,2024-05-24,20.1,15.7,24.7,,2.1,
108,서울,2024-05-25,21.4,18.7,24.7,,1.8,
108,서울,2024-05-26,19.9,17,23.7,8.7,2.7,
108,서울,2024-05-27,18.5,14.1,22.6,,3.3,
108,서울,2024-05-28,20.4,14.3,26.1,,2.5,
108,서울,2024-05-29,21.2,15.4,26.8,,2.1,
108,서울,2024-05-30,20.7,16.2,24.6,,1.6,
108,서울,2024-05-31,20.4,16.9,25.4,1,2.6,
108,서울,2024-06-01,20.7,17.5,25.2,0,2.8,
108,서울,2024-06-02,20.4,15.7,25.8,,2.7,
108,서울,2024-06-03,22.2,15.7,28.7,,2.4,
108,서울,2024-06-04,22.8,16.3,29.3,,2.4,
108,서울,2024-06-05,23.6,18.1,30.1,,1.9,
108,서울,2024-06-06,24.1,19.3,31.4,,2,
108,서울,2024-06-07,23.1,18.3,28,.8,1.9,
108,서울,2024-06-08,20.3,17.9,25,16.9,1.6,
108,서울,2024-06-09,22.9,17.4,28.8,,1.8,
108,서울,2024-06-10,24.7,19,31.1,,2.2,
108,서울,2024-06-11,25.4,21.7,31.6,,2.4,
108,서울,2024-06-12,24.8,19.2,31.8,,2.1,
108,서울,2024-06-13,26.4,20,32.8,,1.8,
108,서울,2024-06-14,26.3,21.4,33,,2.3,
108,서울,2024-06-15,24.2,21.8,28.2,6.1,1.9,
108,서울,2024-06-16,24.3,19.9,29.5,,2.8,
108,서울,2024-06-17,24.8,18.9,30.2,,2.4,
108,서울,2024-06-18,26,20.4,32.9,,2.1,
108,서울,2024-06-19,28.8,21.4,35.8,,1.6,
108,서울,2024-06-20,29.4,23.4,35.4,,2,
108,서울,2024-06-21,28.1,22.9,33.9,,2,
108,서울,2024-06-22,24.2,22.6,26.1,16.5,2,
108,서울,2024-06-23,25.1,22.5,30.1,5.1,2.2,
108,서울,2024-06-24,24.3,21.2,27.9,0,2.9,
108,서울,2024-06-25,22.9,19.1,27.2,,3,
108,서울,2024-06-26,24.9,18.9,31.6,,1.9,
108,서울,2024-06-27,26.3,20.6,31.6,,1.6,
108,서울,2024-06-28,26.6,21.3,32.5,,2.1,
108,서울,2024-06-29,26.7,21.6,32.3,38.3,2.2,
108,서울,2024-06-30,23.5,22,24.9,32.2,3.7,
108,서울,2024-07-01,26.3,22,31.3,,1.8,
108,서울,2024-07-02,23.2,21.9,25.2,65.1,2.8,
108,서울,2024-07-03,24.7,23.6,25.9,.8,3.6,
108,서울,2024-07-04,26.8,23.2,30.6,3.6,3,
108,서울,2024-07-05,23.4,21.3,26.1,4.1,3.3,
108,서울,2024-07-06,25.1,22.1,30,2.8,3.2,
108,서울,2024-07-07,24.4,21.5,28.2,28.7,1.8,
108,서울,2024-07-08,23.8,23.1,24.5,21.1,1.8,
108,서울,2024-07-09,24.5,22.7,26.7,.3,1.8,
108,서울,2024-07-10,26.6,22.7,31.1,1.4,2.2,
108,서울,2024-07-11,25.7,23.3,28.9,,2.1,
108,서울,2024-07-12,25.6,21.8,30.2,,1.6,
108,서울,2024-07-13,28.1,23.5,33.3,0,1.9,
108,서울,2024-07-14,28.4,24.9,32.1,.4,2.4,
108,서울,2024-07-15,28.4,24.5,31.3,0,2.4,
108,서울,2024-07-16,27,24.6,30.7,17,2.3,
108,서울,2024-07-17,25.4,24.1,28.1,98.8,2.5,
108,서울,2024-07-18,24.3,23.1,25.6,128.8,2.2,
108,서울,2024-07-19,27,24.2,30.8,.1,2.2,
108,서울,2024-07-20,27.2,25.1,30.6,14.9,2.7,
108,서울,2024-07-21,26.5,22.5,29.8,8.5,3.6,
108,서울,2024-07-22,26.6,24.3,27.9,79.9,3.1,
108,서울,2024-07-23,26.4,25.8,27.3,2,3.2,
108,서울,2024-07-24,28.1,26,30.9,14.7,2.6,
108,서울,2024-07-25,28.8,25.4,32.2,25.3,1.8,
108,서울,2024-07-26,28.7,25.2,32.7,5.5,2.3,
108,서울,2024-07-27,28.9,27.5,31.7,33.5,1.7,
108,서울,2024-07-28,29.2,27.3,32.2,0,3.2,
108,서울,2024-07-29,27.4,26.8,27.8,0,3.8,
108,서울,2024-07-30,28.6,26.3,31.9,,2.8,
108,서울,2024-07-31,29.4,27,33.3,,2.6,
108,서울,2024-08-01,29.9,27.3,33.2,.3,2.6,
108,서울,2024-08-02,29.6,28.2,32.5,,2.6,
108,서울,2024-08-03,30.2,27.2,34.2,,2.2,
108,서울,2024-08-04,31.8,27.3,36.2,,1.6,
108,서울,2024-08-05,30,26.9,33.7,1.3,1.9,
108,서울,2024-08-06,29.5,25.6,33.5,0,1.9,
108,서울,2024-08-07,29.6,27.2,33.4,3.4,1.7,
108,서울,2024-08-08,28.5,26.9,31.6,0,1.6,
108,서울,2024-08-09,29.3,25.6,33.6,,1.6,
108,서울,2024-08-10,30,26.4,33.6,,1.7,
108,서울,2024-08-11,30.8,27.8,34.4,,1.8,
108,서울,2024-08-12,31.1,28.2,34.1,,1.9,
108,서울,2024-08-13,31.3,28.1,36.4,0,1.8,
108,서울,2024-08-14,30,27.3,34.9,3,1.9,
108,서울,2024-08-15,29.2,26.7,34.6,6.4,1.8,
108,서울,2024-08-16,29.8,26.8,34.3,0,2,
108,서울,2024-08-17,29.8,27.2,34,11,1.7,
108,서울,2024-08-18,29.5,27,33.9,0,2,
108,서울,2024-08-19,29.7,26.3,35.3,2.3,1.9,
108,서울,2024-08-20,31.4,27,35.4,0,2.3,
108,서울,2024-08-21,28.4,26.9,30.8,42.2,3.2,
108,서울,2024-08-22,28.6,27.1,30.3,.6,3.4,
108,서울,2024-08-23,28.4,26.4,31.8,0,2.7,
108,서울,2024-08-24,27.6,25.1,30.9,2,1.4,
108,서울,2024-08-25,28.5,24.9,32.7,,1.4,
108,서울,2024-08-26,28.1,25.6,30.6,0,1.5,
108,서울,2024-08-27,26.5,24.6,30.3,.3,1.9,
108,서울,2024-08-28,28.2,23,33.2,,2.9,
108,서울,2024-08-29,28.4,23.4,33.5,,3.1,
108,서울,2024-08-30,28,23.7,32.9,,2.4,
108,서울,2024-08-31,27.6,22.6,33,,1.9,
108,서울,2024-09-01,27.1,24.6,31.6,,2,
108,서울,2024-09-02,24.5,22.2,26.9,2.7,2.6,
108,서울,2024-09-03,27,23.2,32,,2.9,
108,서울,2024-09-04,27.9,23.2,33.3,,2.2,
108,서울,2024-09-05,26.3,25.6,28.8,6.9,2.4,
108,서울,2024-09-06,24,23.3,25.7,.7,2.6,
108,서울,2024-09-07,26.5,22.8,31.3,0,1.9,
108,서울,2024-09-08,27.2,22.6,32.8,,1.6,
108,서울,2024-09-09,28.5,24.1,34.1,,1.9,
108,서울,2024-09-10,29.4,25.6,33.9,,1.8,
108,서울,2024-09-11,29,25.4,34.6,.4,1.8,
108,서울,2024-09-12,25.4,24.8,27.1,32.7,2.1,
108,서울,2024-09-13,25.9,24.2,28,7.6,2.2,
108,서울,2024-09-14,28,25.2,32.2,0,1.7,
108,서울,2024-09-15,27.5,24.2,32.4,,2.8,
108,서울,2024-09-16,26.8,21.3,32.2,9.5,2.8,
108,서울,2024-09-17,28.6,25.8,33.2,,1.7,
108,서울,2024-09-18,29.4,26.5,33.6,.7,1.6,
108,서울,2024-09-19,29.1,25.6,32.6,,1.7,
108,서울,2024-09-20,25,17.9,28.6,54.5,2.4,
108,서울,2024-09-21,19.3,17.1,21.9,27,4.3,
108,서울,2024-09-22,21,16.9,26.7,,2.7,
108,서울,2024-09-23,20.8,16.6,26.1,,3.1,
108,서울,2024-09-24,21,15.6,26.9,,2.2,
108,서울,2024-09-25,23.3,18.6,27.3,0,1.7,
108,서울,2024-09-26,23.6,21.1,28,1.2,1.6,
108,서울,2024-09-27,22.7,19.1,28,,2.4,
108,서울,2024-09-28,23.2,19.2,27.9,,3.4,
108,서울,2024-09-29,23.5,19.1,29,,2.7,
108,서울,2024-09-30,23,18.3,28.5,,2.1,
108,서울,2024-10-01,18.3,13.3,21.7,2.5,2.5,
108,서울,2024-10-02,14.9,11.6,19.9,,2.5,
108,서울,2024-10-03,16.4,10.8,22.5,,1.9,
108,서울,2024-10-04,17.6,11.9,24.2,,1.8,
108,서울,2024-10-05,17.5,11.6,24.4,,1.6,
108,서울,2024-10-06,15.4,12.3,17.9,0,1.4,
108,서울,2024-10-07,16.9,14,20.7,,1.3,
108,서울,2024-10-08,17.7,12.7,23.9,,1.8,
108,서울,2024-10-09,18.8,13.9,24.4,,2.3,
108,서울,2024-10-10,18.8,15.3,24.1,0,1.9,
108,서울,2024-10-11,18.6,13.9,24.4,,1.8,
108,서울,2024-10-12,18.3,13.4,24.7,,1.5,
108,서울,2024-10-13,18.3,12.6,22.6,,2,
108,서울,2024-10-14,19.3,17.6,21.5,0,1.9,
108,서울,2024-10-15,19.2,17.6,21.9,.5,1.8,
108,서울,2024-10-16,18.2,14.4,24.2,,1.5,
108,서울,2024-10-17,19,13.8,25.7,,1.7,
108,서울,2024-10-18,17.4,16.2,18.8,47.1,2.5,
108,서울,2024-10-19,16.6,12.4,21.1,1,3.3,
108,서울,2024-10-20,13.4,10.5,17.8,,3.7,
108,서울,2024-10-21,14.8,9.7,19.3,0,2.3,
108,서울,2024-10-22,15.5,14.9,16.6,20.6,2,
108,서울,2024-10-23,12.7,9.4,15.5,2.3,3.7,
108,서울,2024-10-24,12.5,7.1,18.4,,1.8,
108,서울,2024-10-25,14.9,8.7,21.5,,1.7,
108,서울,2024-10-26,17,10.7,24,,1.8,
108,서울,2024-10-27,16,14,18.8,0,1.6,
108,서울,2024-10-28,15.7,12.3,20.4,0,2.1,
108,서울,2024-10-29,15,13.4,18.3,0,2.3,
108,서울,2024-10-30,15.7,11.4,21.4,,1.6,
