date,total_passenger,commute_passenger,other_passenger,holiday_or_weekend
2022-01-01,1858954.0,519623.0,1339331.0,1
2022-01-02,2048632.0,579340.0,1469292.0,1
2022-01-03,4028715.0,1793953.0,2234762.0,0
2022-01-04,4151012.0,1823826.0,2327186.0,0
2022-01-05,4151012.0,1823826.0,2327186.0,0
2022-01-06,4177543.0,1795441.0,2382102.0,0
2022-01-07,4246366.0,1777711.0,2468655.0,0
2022-01-08,2950172.0,845937.0,2104235.0,1
2022-01-09,2133394.0,610449.0,1522945.0,1
2022-01-10,4152322.0,1809881.0,2342441.0,0
2022-01-11,4210808.0,1863989.0,2346819.0,0
2022-01-12,4148672.0,1821730.0,2326942.0,0
2022-01-13,4172525.0,1807620.0,2364905.0,0
2022-01-14,4220425.0,1771658.0,2448767.0,0
2022-01-15,2968763.0,843920.0,2124843.0,1
2022-01-16,2193934.0,629947.0,1563987.0,1
2022-01-17,4164324.0,1834116.0,2330208.0,0
2022-01-18,4215701.0,1848706.0,2366995.0,0
2022-01-19,4392350.0,1905383.0,2486967.0,0
2022-01-20,4314316.0,1854390.0,2459926.0,0
2022-01-21,4361995.0,1814028.0,2547967.0,0
2022-01-22,3061889.0,884528.0,2177361.0,1
2022-01-23,2223989.0,639606.0,1584383.0,1
2022-01-24,4200968.0,1811017.0,2389951.0,0
2022-01-25,4290783.0,1846389.0,2444394.0,0
2022-01-26,4362216.0,1846598.0,2515618.0,0
2022-01-27,4302013.0,1810987.0,2491026.0,0
2022-01-28,4269937.0,1652753.0,2617184.0,0
2022-01-29,2663160.0,761270.0,1901890.0,1
2022-01-30,1970830.0,553887.0,1416943.0,1
2022-01-31,1556219.0,422526.0,1133693.0,1
2022-02-01,1400020.0,409493.0,990527.0,1
2022-02-02,1760625.0,485093.0,1275532.0,1
2022-02-03,3944965.0,1675916.0,2269049.0,0
2022-02-04,4111177.0,1726273.0,2384904.0,0
2022-02-05,2723745.0,796833.0,1926912.0,1
2022-02-06,1990421.0,579322.0,1411099.0,1
2022-02-07,4074665.0,1801863.0,2272802.0,0
2022-02-08,4123233.0,1807276.0,2315957.0,0
2022-02-09,4160918.0,1808739.0,2352179.0,0
2022-02-10,4135521.0,1776345.0,2359176.0,0
2022-02-11,4196068.0,1767768.0,2428300.0,0
2022-02-12,2940493.0,860370.0,2080123.0,1
2022-02-13,2115320.0,613903.0,1501417.0,1
2022-02-14,4060090.0,1752787.0,2307303.0,0
2022-02-15,4064292.0,1788113.0,2276179.0,0
2022-02-16,3982696.0,1757855.0,2224841.0,0
2022-02-17,3941847.0,1723081.0,2218766.0,0
2022-02-18,4052348.0,1694220.0,2358128.0,0
2022-02-19,2861051.0,832210.0,2028841.0,1
2022-02-20,2022687.0,589065.0,1433622.0,1
2022-02-21,3916983.0,1707027.0,2209956.0,0
2022-02-22,3975747.0,1723167.0,2252580.0,0
2022-02-23,3974526.0,1717455.0,2257071.0,0
2022-02-24,3959970.0,1685191.0,2274779.0,0
2022-02-25,4076141.0,1666626.0,2409515.0,0
2022-02-26,2794863.0,811800.0,1983063.0,1
2022-02-27,2118419.0,615203.0,1503216.0,1
2022-02-28,3901091.0,1571052.0,2330039.0,0
2022-03-01,2293952.0,683183.0,1610769.0,1
2022-03-02,4272949.0,1848861.0,2424088.0,0
2022-03-03,4163963.0,1807261.0,2356702.0,0
2022-03-04,4200983.0,1764094.0,2436889.0,0
2022-03-05,2917730.0,848362.0,2069368.0,1
2022-03-06,2066255.0,603717.0,1462538.0,1
2022-03-07,4062520.0,1778784.0,2283736.0,0
2022-03-08,4162747.0,1790407.0,2372340.0,0
2022-03-09,2511559.0,732379.0,1779180.0,1
2022-03-10,4047494.0,1756805.0,2290689.0,0
2022-03-11,4147292.0,1740261.0,2407031.0,0
2022-03-12,2896600.0,848711.0,2047889.0,1
2022-03-13,1859371.0,543249.0,1316122.0,1
2022-03-14,1859371.0,543249.0,1316122.0,0
2022-03-15,4069954.0,1777094.0,2292860.0,0
2022-03-16,4072744.0,1762934.0,2309810.0,0
2022-03-17,4020452.0,1757680.0,2262772.0,0
2022-03-18,4084024.0,1723984.0,2360040.0,0
2022-03-19,2634771.0,792361.0,1842410.0,1
2022-03-20,2090251.0,612216.0,1478035.0,1
2022-03-21,4036156.0,1772838.0,2263318.0,0
2022-03-22,4099840.0,1802525.0,2297315.0,0
2022-03-23,4094826.0,1790234.0,2304592.0,0
2022-03-24,4132904.0,1806993.0,2325911.0,0
2022-03-25,4261068.0,1796817.0,2464251.0,0
2022-03-26,2805144.0,836103.0,1969041.0,1
2022-03-27,2219678.0,645093.0,1574585.0,1
2022-03-28,4138652.0,1813248.0,2325404.0,0
2022-03-29,4207660.0,1834404.0,2373256.0,0
2022-03-30,4170524.0,1808793.0,2361731.0,0
2022-03-31,4233789.0,1824664.0,2409125.0,0
2022-04-01,4394689.0,1842831.0,2551858.0,0
2022-04-02,3151848.0,928636.0,2223212.0,1
2022-04-03,2351123.0,683609.0,1667514.0,1
2022-04-04,4244812.0,1869293.0,2375519.0,0
2022-04-05,4331592.0,1895641.0,2435951.0,0
2022-04-06,4409005.0,1907379.0,2501626.0,0
2022-04-07,4422657.0,1908420.0,2514237.0,0
2022-04-08,4585092.0,1895729.0,2689363.0,0
2022-04-09,3470831.0,1014533.0,2456298.0,1
2022-04-10,2681169.0,767323.0,1913846.0,1
2022-04-11,4459361.0,1928001.0,2531360.0,0
2022-04-12,4521706.0,1963025.0,2558681.0,0
2022-04-13,4439305.0,1942951.0,2496354.0,0
2022-04-14,4453655.0,1923775.0,2529880.0,0
2022-04-15,4638909.0,1927940.0,2710969.0,0
2022-04-16,3352549.0,991172.0,2361377.0,1
2022-04-17,2495998.0,725792.0,1770206.0,1
2022-04-18,4387615.0,1918508.0,2469107.0,0
2022-04-19,4521227.0,1973760.0,2547467.0,0
2022-04-20,4602526.0,1982429.0,2620097.0,0
2022-04-21,4671808.0,2050904.0,2620904.0,0
2022-04-22,4586602.0,1937913.0,2648689.0,0
2022-04-23,3365265.0,1000499.0,2364766.0,1
2022-04-24,2483565.0,729331.0,1754234.0,1
2022-04-25,4521335.0,1963329.0,2558006.0,0
2022-04-26,4601757.0,1972796.0,2628961.0,0
2022-04-27,4743955.0,2023525.0,2720430.0,0
2022-04-28,4748811.0,2009746.0,2739065.0,0
2022-04-29,4851759.0,2022200.0,2829559.0,0
2022-04-30,3419860.0,1001461.0,2418399.0,1
2022-05-01,2648459.0,773111.0,1875348.0,1
2022-05-02,4627327.0,2020001.0,2607326.0,0
2022-05-03,4786304.0,2062972.0,2723332.0,0
2022-05-04,5006309.0,2101541.0,2904768.0,0
2022-05-05,3030038.0,877343.0,2152695.0,1
2022-05-06,4463000.0,1712607.0,2750393.0,0
2022-05-07,3315644.0,987292.0,2328352.0,1
2022-05-08,2583449.0,759141.0,1824308.0,1
2022-05-09,4647815.0,2022257.0,2625558.0,0
2022-05-10,4771566.0,2063528.0,2708038.0,0
2022-05-11,4855927.0,2072577.0,2783350.0,0
2022-05-12,4848493.0,2058269.0,2790224.0,0
2022-05-13,4978749.0,2044406.0,2934343.0,0
2022-05-14,3650111.0,1081100.0,2569011.0,1
2022-05-15,2777074.0,817173.0,1959901.0,1
2022-05-16,4690525.0,2027249.0,2663276.0,0
2022-05-17,4794093.0,2060195.0,2733898.0,0
2022-05-18,4826559.0,2086661.0,2739898.0,0
2022-05-19,4834528.0,2051738.0,2782790.0,0
2022-05-20,4967140.0,2028308.0,2938832.0,0
2022-05-21,3707426.0,1097702.0,2609724.0,1
2022-05-22,2727349.0,793875.0,1933474.0,1
2022-05-23,4700341.0,2022555.0,2677786.0,0
2022-05-24,4872309.0,2108616.0,2763693.0,0
2022-05-25,4977073.0,2129665.0,2847408.0,0
2022-05-26,4887002.0,2062693.0,2824309.0,0
2022-05-27,5008393.0,2045483.0,2962910.0,0
2022-05-28,3668928.0,1072548.0,2596380.0,1
2022-05-29,2670186.0,784653.0,1885533.0,1
2022-05-30,4643237.0,2011202.0,2632035.0,0
2022-05-31,4945378.0,2068721.0,2876657.0,0
2022-06-01,3152643.0,919685.0,2232958.0,0
2022-06-02,4755792.0,2015691.0,2740101.0,0
2022-06-03,4868209.0,2005850.0,2862359.0,0
2022-06-04,3421233.0,1013971.0,2407262.0,1
2022-06-05,2606830.0,753361.0,1853469.0,1
2022-06-06,2520691.0,752869.0,1767822.0,1
2022-06-07,4724282.0,2029991.0,2694291.0,0
2022-06-08,4797416.0,2059292.0,2738124.0,0
2022-06-09,4742997.0,2061396.0,2681601.0,0
2022-06-10,4869325.0,2029896.0,2839429.0,0
2022-06-11,3596889.0,1058922.0,2537967.0,1
2022-06-12,2648125.0,774471.0,1873654.0,1
2022-06-13,4675099.0,2036379.0,2638720.0,0
2022-06-14,4771340.0,2041262.0,2730078.0,0
2022-06-15,4789374.0,2078350.0,2711024.0,0
2022-06-16,4811512.0,2048719.0,2762793.0,0
2022-06-17,4900582.0,2012420.0,2888162.0,0
2022-06-18,3526826.0,1037192.0,2489634.0,1
2022-06-19,2597860.0,756464.0,1841396.0,1
2022-06-20,4707314.0,2028980.0,2678334.0,0
2022-06-21,4864321.0,2083486.0,2780835.0,0
2022-06-22,4911697.0,2071047.0,2840650.0,0
2022-06-23,4599943.0,2020861.0,2579082.0,0
2022-06-24,4904262.0,2023373.0,2880889.0,0
2022-06-25,3663689.0,1064941.0,2598748.0,1
2022-06-26,2559160.0,733338.0,1825822.0,1
2022-06-27,4632647.0,2025511.0,2607136.0,0
2022-06-28,4699411.0,2043905.0,2655506.0,0
2022-06-29,4796584.0,2082402.0,2714182.0,0
2022-06-30,4598944.0,2029848.0,2569096.0,0
2022-07-01,5117110.0,2115442.0,3001668.0,0
2022-07-02,5117110.0,2115442.0,3001668.0,1
2022-07-03,2664201.0,788077.0,1876124.0,1
2022-07-04,4842382.0,2120695.0,2721687.0,0
2022-07-05,4963187.0,2144047.0,2819140.0,0
2022-07-06,5049978.0,2177050.0,2872928.0,0
2022-07-07,4881453.0,2113259.0,2768194.0,0
2022-07-08,4994993.0,2094288.0,2900705.0,0
2022-07-09,3594568.0,1052661.0,2541907.0,1
2022-07-10,2673014.0,797472.0,1875542.0,1
2022-07-11,4739459.0,2063385.0,2676074.0,0
2022-07-12,4895093.0,2112266.0,2782827.0,0
2022-07-13,4576170.0,2058830.0,2517340.0,0
2022-07-14,4912862.0,2085176.0,2827686.0,0
2022-07-15,5034557.0,2075397.0,2959160.0,0
2022-07-16,3447582.0,1005913.0,2441669.0,1
2022-07-17,2614477.0,771096.0,1843381.0,1
2022-07-18,4697750.0,2023141.0,2674609.0,0
2022-07-19,4820730.0,2071184.0,2749546.0,0
2022-07-20,4862926.0,2062106.0,2800820.0,0
2022-07-21,4636249.0,1986056.0,2650193.0,0
2022-07-22,4712411.0,1938941.0,2773470.0,0
2022-07-23,3369916.0,983638.0,2386278.0,1
2022-07-24,2484132.0,738920.0,1745212.0,1
2022-07-25,4562428.0,1937123.0,2625305.0,0
2022-07-26,4645899.0,1974756.0,2671143.0,0
2022-07-27,4654972.0,1957707.0,2697265.0,0
2022-07-28,4589545.0,1924614.0,2664931.0,0
2022-07-29,4654766.0,1906586.0,2748180.0,0
2022-07-30,3216577.0,979252.0,2237325.0,1
2022-07-31,2306090.0,700163.0,1605927.0,1
2022-08-01,4286183.0,1821991.0,2464192.0,0
2022-08-02,4247174.0,1799912.0,2447262.0,0
2022-08-03,4356830.0,1839360.0,2517470.0,0
2022-08-04,4525578.0,1899640.0,2625938.0,0
2022-08-05,4565927.0,1870686.0,2695241.0,0
2022-08-06,4565927.0,1870686.0,2695241.0,1
2022-08-07,3251392.0,971979.0,2279413.0,1
2022-08-08,4128931.0,1823983.0,2304948.0,0
2022-08-09,4128931.0,1823983.0,2304948.0,0
2022-08-10,4491198.0,1866082.0,2625116.0,0
2022-08-11,4401988.0,1865736.0,2536252.0,0
2022-08-12,4698326.0,1898761.0,2799565.0,0
2022-08-13,4698326.0,1898761.0,2799565.0,1
2022-08-14,2521703.0,726481.0,1795222.0,1
2022-08-15,2445892.0,713684.0,1732208.0,0
2022-08-16,4592009.0,1946946.0,2645063.0,0
2022-08-17,4753001.0,2025748.0,2727253.0,0
2022-08-18,4716612.0,2000154.0,2716458.0,0
2022-08-19,4670133.0,1947271.0,2722862.0,0
2022-08-20,3491146.0,1038608.0,2452538.0,1
2022-08-21,2607417.0,779720.0,1827697.0,1
2022-08-22,4629924.0,1987172.0,2642752.0,0
2022-08-23,4728566.0,2044512.0,2684054.0,0
2022-08-24,4752913.0,2032685.0,2720228.0,0
2022-08-25,4695547.0,2007424.0,2688123.0,0
2022-08-26,4907885.0,2025068.0,2882817.0,0
2022-08-27,3623825.0,1078952.0,2544873.0,1
2022-08-28,3623825.0,1078952.0,2544873.0,1
2022-08-29,4623636.0,2031423.0,2592213.0,0
2022-08-30,4585360.0,2062493.0,2522867.0,0
2022-08-31,4832522.0,2068190.0,2764332.0,0
2022-09-01,5006359.0,2128002.0,2878357.0,0
2022-09-02,5082340.0,2107887.0,2974453.0,0
2022-09-03,3728129.0,1097823.0,2630306.0,1
2022-09-04,2442355.0,742982.0,1699373.0,1
2022-09-05,4494554.0,2060920.0,2433634.0,0
2022-09-06,4605828.0,1927131.0,2678697.0,0
2022-09-07,5170794.0,2166383.0,3004411.0,0
2022-09-08,5031796.0,1937925.0,3093871.0,0
2022-09-09,2321239.0,662924.0,1658315.0,1
2022-09-10,1790701.0,535759.0,1254942.0,1
2022-09-11,2213968.0,611079.0,1602889.0,1
2022-09-12,2453648.0,700878.0,1752770.0,1
2022-09-13,2453648.0,700878.0,1752770.0,0
2022-09-14,4886826.0,2124183.0,2762643.0,0
2022-09-15,4942842.0,2125576.0,2817266.0,0
2022-09-16,5030486.0,2102643.0,2927843.0,0
2022-09-17,3681194.0,1093198.0,2587996.0,1
2022-09-18,2779050.0,818800.0,1960250.0,1
2022-09-19,4813473.0,2100972.0,2712501.0,0
2022-09-20,4923167.0,2133297.0,2789870.0,0
2022-09-21,4923167.0,2133297.0,2789870.0,0
2022-09-22,4921440.0,2098811.0,2822629.0,0
2022-09-23,4979111.0,2071959.0,2907152.0,0
2022-09-24,3721332.0,1112680.0,2608652.0,1
2022-09-25,2785520.0,820962.0,1964558.0,1
2022-09-26,4800377.0,2076745.0,2723632.0,0
2022-09-27,4800169.0,2076642.0,2723527.0,0
2022-09-28,4969954.0,2127482.0,2842472.0,0
2022-09-29,4931456.0,2092363.0,2839093.0,0
2022-09-30,5053579.0,2077464.0,2976115.0,0
2022-10-01,3571186.0,1068084.0,2503102.0,1
2022-10-02,2714551.0,773895.0,1940656.0,1
2022-10-03,2285529.0,705176.0,1580353.0,1
2022-10-04,4827156.0,2095617.0,2731539.0,0
2022-10-05,4942910.0,2125189.0,2817721.0,0
2022-10-06,4921465.0,2095895.0,2825570.0,0
2022-10-07,5014788.0,2084024.0,2930764.0,0
2022-10-08,5014788.0,2084024.0,2930764.0,1
2022-10-09,2439982.0,717647.0,1722335.0,1
2022-10-10,2625699.0,773239.0,1852460.0,1
2022-10-11,4841353.0,2100954.0,2740399.0,0
2022-10-12,4841353.0,2100954.0,2740399.0,0
2022-10-13,4916948.0,2099234.0,2817714.0,0
2022-10-14,4975075.0,2070092.0,2904983.0,0
2022-10-15,3676218.0,1093286.0,2582932.0,1
2022-10-16,3676218.0,1093286.0,2582932.0,1
2022-10-17,4412019.0,1918961.0,2493058.0,0
2022-10-18,4741838.0,2066300.0,2675538.0,0
2022-10-19,4910989.0,2123024.0,2787965.0,0
2022-10-20,4874102.0,2072518.0,2801584.0,0
2022-10-21,4925698.0,2029872.0,2895826.0,0
2022-10-22,3641141.0,1087798.0,2553343.0,1
2022-10-23,2699585.0,789242.0,1910343.0,1
2022-10-24,4685997.0,2029102.0,2656895.0,0
2022-10-25,4863996.0,2097251.0,2766745.0,0
2022-10-26,4889108.0,2075164.0,2813944.0,0
2022-10-27,4879509.0,2065050.0,2814459.0,0
2022-10-28,4879509.0,2065050.0,2814459.0,0
2022-10-29,3771986.0,1125489.0,2646497.0,1
2022-10-30,3771986.0,1125489.0,2646497.0,1
2022-10-31,4651739.0,2007830.0,2643909.0,0
2022-11-01,4746593.0,2067081.0,2679512.0,0
2022-11-02,4822277.0,2077068.0,2745209.0,0
2022-11-03,4775783.0,2045117.0,2730666.0,0
2022-11-04,4836723.0,2023490.0,2813233.0,0
2022-11-05,3507406.0,1039016.0,2468390.0,1
2022-11-06,2659142.0,759600.0,1899542.0,1
2022-11-07,4705436.0,2046849.0,2658587.0,0
2022-11-08,4806164.0,2087352.0,2718812.0,0
2022-11-09,4855087.0,2092053.0,2763034.0,0
2022-11-10,4829369.0,2066103.0,2763266.0,0
2022-11-11,4887832.0,2008473.0,2879359.0,0
2022-11-12,3336465.0,975132.0,2361333.0,1
2022-11-13,2499895.0,719952.0,1779943.0,1
2022-11-14,4527470.0,1951981.0,2575489.0,0
2022-11-15,4661460.0,2018142.0,2643318.0,0
2022-11-16,4848356.0,2039807.0,2808549.0,0
2022-11-17,4651322.0,1949765.0,2701557.0,0
2022-11-18,4700166.0,1899421.0,2800745.0,0
2022-11-19,3471747.0,1015370.0,2456377.0,1
2022-11-20,2659862.0,761045.0,1898817.0,1
2022-11-21,4628376.0,1989814.0,2638562.0,0
2022-11-22,4718094.0,2035420.0,2682674.0,0
2022-11-23,4772871.0,2038898.0,2733973.0,0
2022-11-24,4792515.0,2059214.0,2733301.0,0
2022-11-25,4824571.0,1967190.0,2857381.0,0
2022-11-26,3427838.0,1000114.0,2427724.0,1
2022-11-27,2513114.0,724292.0,1788822.0,1
2022-11-28,4614293.0,2022760.0,2591533.0,0
2022-11-29,4737646.0,2049488.0,2688158.0,0
2022-11-30,4858029.0,2114027.0,2744002.0,0
2022-12-01,4688496.0,2035325.0,2653171.0,0
2022-12-02,4833482.0,2024636.0,2808846.0,0
2022-12-03,3346123.0,973625.0,2372498.0,1
2022-12-04,3346123.0,973625.0,2372498.0,1
2022-12-05,4617598.0,2012892.0,2604706.0,0
2022-12-06,4617598.0,2012892.0,2604706.0,0
2022-12-07,4805814.0,2033301.0,2772513.0,0
2022-12-08,4784426.0,2013368.0,2771058.0,0
2022-12-09,4868528.0,1997063.0,2871465.0,0
2022-12-10,3450969.0,978652.0,2472317.0,1
2022-12-11,3450969.0,978652.0,2472317.0,1
2022-12-12,3450969.0,978652.0,2472317.0,0
2022-12-13,3450969.0,978652.0,2472317.0,0
2022-12-14,4703010.0,2037938.0,2665072.0,0
2022-12-15,4936907.0,2061313.0,2875594.0,0
2022-12-16,4976347.0,2047888.0,2928459.0,0
2022-12-17,3530373.0,1007057.0,2523316.0,1
2022-12-18,2431543.0,695959.0,1735584.0,1
2022-12-19,4576421.0,1964156.0,2612265.0,0
2022-12-20,2431543.0,695959.0,1735584.0,0
2022-12-21,5156498.0,2187229.0,2969269.0,0
2022-12-22,4960239.0,2068889.0,2891350.0,0
2022-12-23,4713479.0,1944787.0,2768692.0,0
2022-12-24,3246736.0,928226.0,2318510.0,1
2022-12-25,2560745.0,723434.0,1837311.0,1
2022-12-26,4460623.0,1848867.0,2611756.0,0
2022-12-27,4625771.0,1908013.0,2717758.0,0
2022-12-28,4707753.0,1922937.0,2784816.0,0
2022-12-29,4566925.0,1829069.0,2737856.0,0
2022-12-30,4543552.0,1671896.0,2871656.0,0
2022-12-31,3062602.0,873591.0,2189011.0,1
2023-01-01,2147083.0,616811.0,1530272.0,1
2023-01-02,4152073.0,1837710.0,2314363.0,0
2023-01-03,4354718.0,1911369.0,2443349.0,0
2023-01-04,4438397.0,1917727.0,2520670.0,0
2023-01-05,4441213.0,1896077.0,2545136.0,0
2023-01-06,4567801.0,1896768.0,2671033.0,0
2023-01-07,3214378.0,928799.0,2285579.0,1
2023-01-08,2393373.0,679869.0,1713504.0,1
2023-01-09,4349018.0,1888877.0,2460141.0,0
2023-01-10,4472535.0,1914913.0,2557622.0,0
2023-01-11,4506924.0,1913604.0,2593320.0,0
2023-01-12,4505689.0,1895857.0,2609832.0,0
2023-01-13,4468185.0,1879577.0,2588608.0,0
2023-01-14,3224867.0,933605.0,2291262.0,1
2023-01-15,2411835.0,692510.0,1719325.0,1
2023-01-16,4442870.0,1918478.0,2524392.0,0
2023-01-17,4515107.0,1921491.0,2593616.0,0
2023-01-18,4605035.0,1942196.0,2662839.0,0
2023-01-19,4558364.0,1900039.0,2658325.0,0
2023-01-20,4432112.0,1675857.0,2756255.0,0
2023-01-21,1950555.0,546798.0,1403757.0,1
2023-01-22,1523468.0,453036.0,1070432.0,1
2023-01-23,1839427.0,502077.0,1337350.0,1
2023-01-24,1668907.0,490473.0,1178434.0,1
2023-01-25,3967314.0,1766856.0,2200458.0,0
2023-01-26,4627925.0,2034277.0,2593648.0,0
2023-01-27,4555164.0,1935280.0,2619884.0,0
2023-01-28,3137018.0,917492.0,2219526.0,1
2023-01-29,2383823.0,684380.0,1699443.0,1
2023-01-30,4372037.0,1894336.0,2477701.0,0
2023-01-31,4443558.0,1905413.0,2538145.0,0
2023-02-01,4522727.0,1954506.0,2568221.0,0
2023-02-02,4590500.0,1946983.0,2643517.0,0
2023-02-03,4660869.0,1948848.0,2712021.0,0
2023-02-04,3375827.0,984797.0,2391030.0,1
2023-02-05,2507069.0,722990.0,1784079.0,1
2023-02-06,4416116.0,1926392.0,2489724.0,0
2023-02-07,4528417.0,1960584.0,2567833.0,0
2023-02-08,4591781.0,1970146.0,2621635.0,0
2023-02-09,4553309.0,1929908.0,2623401.0,0
2023-02-10,4630147.0,1930821.0,2699326.0,0
2023-02-11,3399540.0,990064.0,2409476.0,1
2023-02-12,2493862.0,712848.0,1781014.0,1
2023-02-13,4365822.0,1878338.0,2487484.0,0
2023-02-14,4551674.0,1945533.0,2606141.0,0
2023-02-15,4561092.0,1931782.0,2629310.0,0
2023-02-16,4520663.0,1911566.0,2609097.0,0
2023-02-17,4598920.0,1877239.0,2721681.0,0
2023-02-18,3311134.0,962977.0,2348157.0,1
2023-02-19,2537723.0,738502.0,1799221.0,1
2023-02-20,4427259.0,1912311.0,2514948.0,0
2023-02-21,4505093.0,1938833.0,2566260.0,0
2023-02-22,4565921.0,1936681.0,2629240.0,0
2023-02-23,4551336.0,1914582.0,2636754.0,0
2023-02-24,4671122.0,1906220.0,2764902.0,0
2023-02-25,3430319.0,1011611.0,2418708.0,1
2023-02-26,2598120.0,763533.0,1834587.0,1
2023-02-27,4450304.0,1882436.0,2567868.0,0
2023-02-28,4578444.0,1902435.0,2676009.0,0
2023-03-01,2816517.0,833502.0,1983015.0,1
2023-03-02,4851473.0,2067659.0,2783814.0,0
2023-03-03,4843959.0,2045220.0,2798739.0,0
2023-03-04,3404391.0,1008222.0,2396169.0,1
2023-03-05,2592818.0,758588.0,1834230.0,1
2023-03-06,4716151.0,2065251.0,2650900.0,0
2023-03-07,4800322.0,2098113.0,2702209.0,0
2023-03-08,4811280.0,2082295.0,2728985.0,0
2023-03-09,4775968.0,2088457.0,2687511.0,0
2023-03-10,4899169.0,2053880.0,2845289.0,0
2023-03-11,3526487.0,1043754.0,2482733.0,1
2023-03-12,2374062.0,725106.0,1648956.0,1
2023-03-13,4687175.0,2071243.0,2615932.0,0
2023-03-14,4816420.0,2106418.0,2710002.0,0
2023-03-15,4822693.0,2085250.0,2737443.0,0
2023-03-16,4836396.0,2090932.0,2745464.0,0
2023-03-17,4863733.0,2031602.0,2832131.0,0
2023-03-18,3543086.0,1055210.0,2487876.0,1
2023-03-19,2665211.0,781178.0,1884033.0,1
2023-03-20,4710175.0,2058762.0,2651413.0,0
2023-03-21,4823728.0,2100970.0,2722758.0,0
2023-03-22,4834616.0,2067447.0,2767169.0,0
2023-03-23,4812914.0,2080704.0,2732210.0,0
2023-03-24,4931574.0,2047722.0,2883852.0,0
2023-03-25,3616829.0,1078230.0,2538599.0,1
2023-03-26,2792761.0,822748.0,1970013.0,1
2023-03-27,4744949.0,2064997.0,2679952.0,0
2023-03-28,4851148.0,2103425.0,2747723.0,0
2023-03-29,4870912.0,2088937.0,2781975.0,0
2023-03-30,4872907.0,2076869.0,2796038.0,0
2023-03-31,4979460.0,2046337.0,2933123.0,0
2023-04-01,3823776.0,1131758.0,2692018.0,1
2023-04-02,2977616.0,861040.0,2116576.0,1
2023-04-03,4805220.0,2067007.0,2738213.0,0
2023-04-04,4869126.0,2128651.0,2740475.0,0
2023-04-05,4677888.0,2094244.0,2583644.0,0
2023-04-06,4841324.0,2120690.0,2720634.0,0
2023-04-07,4970261.0,2073702.0,2896559.0,0
2023-04-08,3632689.0,1102089.0,2530600.0,1
2023-04-09,2745801.0,807053.0,1938748.0,1
2023-04-10,4724114.0,2045201.0,2678913.0,0
2023-04-11,4596748.0,2049208.0,2547540.0,0
2023-04-12,4864597.0,2088648.0,2775949.0,0
2023-04-13,4819352.0,2064193.0,2755159.0,0
2023-04-14,4858211.0,1996035.0,2862176.0,0
2023-04-15,3366813.0,1036516.0,2330297.0,1
2023-04-16,2626575.0,773653.0,1852922.0,1
2023-04-17,4661718.0,2012620.0,2649098.0,0
2023-04-18,4696800.0,2078399.0,2618401.0,0
2023-04-19,4845567.0,2052033.0,2793534.0,0
2023-04-20,4763140.0,2027041.0,2736099.0,0
2023-04-21,4854483.0,1998597.0,2855886.0,0
2023-04-22,3516632.0,1053769.0,2462863.0,1
2023-04-23,2650309.0,780596.0,1869713.0,1
2023-04-24,4672910.0,2010527.0,2662383.0,0
2023-04-25,4774809.0,2068784.0,2706025.0,0
2023-04-26,4889845.0,2081849.0,2807996.0,0
2023-04-27,4906743.0,2068213.0,2838530.0,0
2023-04-28,5005008.0,2016836.0,2988172.0,0
2023-04-29,3221661.0,995140.0,2226521.0,1
2023-04-30,2872410.0,853523.0,2018887.0,1
2023-05-01,3579174.0,1186343.0,2392831.0,0
2023-05-02,4857517.0,2080631.0,2776886.0,0
2023-05-03,4959792.0,2090603.0,2869189.0,0
2023-05-04,4992593.0,2061819.0,2930774.0,0
2023-05-05,2476196.0,729818.0,1746378.0,1
2023-05-06,2884686.0,884574.0,2000112.0,1
2023-05-07,2692768.0,792142.0,1900626.0,1
2023-05-08,4750962.0,2039196.0,2711766.0,0
2023-05-09,4872366.0,2084479.0,2787887.0,0
2023-05-10,4899699.0,2075757.0,2823942.0,0
2023-05-11,4896447.0,2057609.0,2838838.0,0
2023-05-12,5000436.0,2038583.0,2961853.0,0
2023-05-13,3741819.0,1117447.0,2624372.0,1
2023-05-14,2850279.0,839822.0,2010457.0,1
2023-05-15,4812040.0,2034347.0,2777693.0,0
2023-05-16,4869208.0,2076235.0,2792973.0,0
2023-05-17,4890847.0,2067495.0,2823352.0,0
2023-05-18,4817117.0,2035693.0,2781424.0,0
2023-05-19,5017987.0,2034772.0,2983215.0,0
2023-05-20,3754310.0,1121654.0,2632656.0,1
2023-05-21,2820600.0,829470.0,1991130.0,1
2023-05-22,4733565.0,2031663.0,2701902.0,0
2023-05-23,4869317.0,2071822.0,2797495.0,0
2023-05-24,4891218.0,2056398.0,2834820.0,0
2023-05-25,4954755.0,2065045.0,2889710.0,0
2023-05-26,4996335.0,2014737.0,2981598.0,0
2023-05-27,3088094.0,915442.0,2172652.0,1
2023-05-28,2406524.0,710050.0,1696474.0,1
2023-05-29,2973154.0,890279.0,2082875.0,0
2023-05-30,4840403.0,2051470.0,2788933.0,0
2023-05-31,4888128.0,2072528.0,2815600.0,0
2023-06-01,4870863.0,2060084.0,2810779.0,0
2023-06-02,4935436.0,2033740.0,2901696.0,0
2023-06-03,3658537.0,1084602.0,2573935.0,1
2023-06-04,2771462.0,812815.0,1958647.0,1
2023-06-05,4501745.0,1760636.0,2741109.0,0
2023-06-06,2885461.0,848085.0,2037376.0,1
2023-06-07,4819690.0,2052934.0,2766756.0,0
2023-06-08,4802937.0,2052945.0,2749992.0,0
2023-06-09,4954850.0,2041185.0,2913665.0,0
2023-06-10,3508174.0,1037853.0,2470321.0,1
2023-06-11,2625065.0,770160.0,1854905.0,1
2023-06-12,4736046.0,2013471.0,2722575.0,0
2023-06-13,4860238.0,2061840.0,2798398.0,0
2023-06-14,4833226.0,2043336.0,2789890.0,0
2023-06-15,4858005.0,2032450.0,2825555.0,0
2023-06-16,4977944.0,2015085.0,2962859.0,0
2023-06-17,3692594.0,1092077.0,2600517.0,1
2023-06-18,2794174.0,822700.0,1971474.0,1
2023-06-19,4728306.0,2032534.0,2695772.0,0
2023-06-20,4804451.0,2042466.0,2761985.0,0
2023-06-21,4749260.0,2036342.0,2712918.0,0
2023-06-22,4852355.0,2027123.0,2825232.0,0
2023-06-23,5006295.0,2017261.0,2989034.0,0
2023-06-24,3700593.0,1099076.0,2601517.0,1
2023-06-25,2778609.0,820554.0,1958055.0,1
2023-06-26,4563941.0,2005051.0,2558890.0,0
2023-06-27,4824279.0,2041480.0,2782799.0,0
2023-06-28,4904991.0,2059259.0,2845732.0,0
2023-06-29,4496512.0,1998131.0,2498381.0,0
2023-06-30,5011146.0,2044773.0,2966373.0,0
2023-07-01,3566431.0,1056846.0,2509585.0,1
2023-07-02,2723150.0,802642.0,1920508.0,1
2023-07-03,4807952.0,2077582.0,2730370.0,0
2023-07-04,4741947.0,2072153.0,2669794.0,0
2023-07-05,4912242.0,2076969.0,2835273.0,0
2023-07-06,4932163.0,2088218.0,2843945.0,0
2023-07-07,5036894.0,2064245.0,2972649.0,0
2023-07-08,3574781.0,1063215.0,2511566.0,1
2023-07-09,2417079.0,751931.0,1665148.0,1
2023-07-10,4765620.0,2045320.0,2720300.0,0
2023-07-11,4549350.0,2026347.0,2523003.0,0
2023-07-12,4941744.0,2092669.0,2849075.0,0
2023-07-13,4538355.0,2018192.0,2520163.0,0
2023-07-14,4684061.0,1991451.0,2692610.0,0
2023-07-15,3299430.0,962819.0,2336611.0,1
2023-07-16,2572414.0,759337.0,1813077.0,1
2023-07-17,4697800.0,2007975.0,2689825.0,0
2023-07-18,4748202.0,2059429.0,2688773.0,0
2023-07-19,4954065.0,2078061.0,2876004.0,0
2023-07-20,4894613.0,2039327.0,2855286.0,0
2023-07-21,4955313.0,2014547.0,2940766.0,0
2023-07-22,3451302.0,1011072.0,2440230.0,1
2023-07-23,2304063.0,691292.0,1612771.0,1
2023-07-24,4563425.0,1934819.0,2628606.0,0
2023-07-25,4712657.0,1974389.0,2738268.0,0
2023-07-26,4773072.0,2002657.0,2770415.0,0
2023-07-27,4741680.0,1969777.0,2771903.0,0
2023-07-28,4767746.0,1936651.0,2831095.0,0
2023-07-29,3365657.0,1010596.0,2355061.0,1
2023-07-30,2573223.0,765160.0,1808063.0,1
2023-07-31,4405057.0,1850984.0,2554073.0,0
2023-08-01,4508654.0,1911058.0,2597596.0,0
2023-08-02,4508654.0,1911058.0,2597596.0,0
2023-08-03,4501614.0,1886096.0,2615518.0,0
2023-08-04,4530056.0,1856839.0,2673217.0,0
2023-08-05,3250424.0,989332.0,2261092.0,1
2023-08-06,2482932.0,759536.0,1723396.0,1
2023-08-07,4496993.0,1946185.0,2550808.0,0
2023-08-08,4659706.0,1994105.0,2665601.0,0
2023-08-09,4694001.0,1984262.0,2709739.0,0
2023-08-10,3776811.0,1683002.0,2093809.0,0
2023-08-11,4431897.0,1868495.0,2563402.0,0
2023-08-12,3241077.0,960842.0,2280235.0,1
2023-08-13,2604740.0,768821.0,1835919.0,1
2023-08-14,4286117.0,1682657.0,2603460.0,0
2023-08-15,2799033.0,842636.0,1956397.0,0
2023-08-16,4749232.0,2003939.0,2745293.0,0
2023-08-17,4767109.0,2019239.0,2747870.0,0
2023-08-18,4889685.0,2027657.0,2862028.0,0
2023-08-19,3484957.0,1044943.0,2440014.0,1
2023-08-20,2653452.0,801085.0,1852367.0,1
2023-08-21,4687354.0,2015232.0,2672122.0,0
2023-08-22,4654584.0,2030731.0,2623853.0,0
2023-08-23,4540727.0,2010503.0,2530224.0,0
2023-08-24,4728601.0,2017885.0,2710716.0,0
2023-08-25,4959096.0,2038667.0,2920429.0,0
2023-08-26,3572463.0,1064421.0,2508042.0,1
2023-08-27,2706171.0,807852.0,1898319.0,1
2023-08-28,4575247.0,2013040.0,2562207.0,0
2023-08-29,4548235.0,2019075.0,2529160.0,0
2023-08-30,4786765.0,2027824.0,2758941.0,0
2023-08-31,4792267.0,2015212.0,2777055.0,0
2023-09-01,4980317.0,2049574.0,2930743.0,0
2023-09-02,3658264.0,1090456.0,2567808.0,1
2023-09-03,2685506.0,793966.0,1891540.0,1
2023-09-04,4832473.0,2076648.0,2755825.0,0
2023-09-05,4960404.0,2140038.0,2820366.0,0
2023-09-06,5006403.0,2139045.0,2867358.0,0
2023-09-07,4980318.0,2110374.0,2869944.0,0
2023-09-08,5052910.0,2073938.0,2978972.0,0
2023-09-09,3742147.0,1116035.0,2626112.0,1
2023-09-10,2795728.0,829796.0,1965932.0,1
2023-09-11,4808186.0,2069635.0,2738551.0,0
2023-09-12,4912066.0,2107336.0,2804730.0,0
2023-09-13,4904185.0,2120180.0,2784005.0,0
2023-09-14,4952368.0,2080147.0,2872221.0,0
2023-09-15,5034818.0,2090539.0,2944279.0,0
2023-09-16,3667015.0,1084107.0,2582908.0,1
2023-09-17,2823130.0,832614.0,1990516.0,1
2023-09-18,4841628.0,2076010.0,2765618.0,0
2023-09-19,4917050.0,2099267.0,2817783.0,0
2023-09-20,4847172.0,2104886.0,2742286.0,0
2023-09-21,4948309.0,2073808.0,2874501.0,0
2023-09-22,5063317.0,2054285.0,3009032.0,0
2023-09-23,3742334.0,1120506.0,2621828.0,1
2023-09-24,2819167.0,831074.0,1988093.0,1
2023-09-25,4944007.0,2081742.0,2862265.0,0
2023-09-26,4838619.0,2085108.0,2753511.0,0
2023-09-27,4944548.0,1899637.0,3044911.0,0
2023-09-28,2230283.0,640355.0,1589928.0,1
2023-09-29,1725294.0,515131.0,1210163.0,1
2023-09-30,2020971.0,581451.0,1439520.0,1
2023-10-01,2473960.0,713006.0,1760954.0,1
2023-10-02,2874464.0,842951.0,2031513.0,1
2023-10-03,2582141.0,767052.0,1815089.0,1
2023-10-04,4704241.0,2020707.0,2683534.0,0
2023-10-05,4794233.0,2060573.0,2733660.0,0
2023-10-06,4879785.0,2016080.0,2863705.0,0
2023-10-07,3712422.0,1095379.0,2617043.0,1
2023-10-08,2791015.0,807320.0,1983695.0,1
2023-10-09,2745480.0,817811.0,1927669.0,1
2023-10-10,4793115.0,2048061.0,2745054.0,0
2023-10-11,4862759.0,2067030.0,2795729.0,0
2023-10-12,4826392.0,2041906.0,2784486.0,0
2023-10-13,4930963.0,2014181.0,2916782.0,0
2023-10-14,3488573.0,1067689.0,2420884.0,1
2023-10-15,2869829.0,841181.0,2028648.0,1
2023-10-16,4659131.0,1988715.0,2670416.0,0
2023-10-17,4759285.0,2035595.0,2723690.0,0
2023-10-18,4787712.0,2020031.0,2767681.0,0
2023-10-19,4684205.0,2025671.0,2658534.0,0
2023-10-20,4895183.0,2003077.0,2892106.0,0
2023-10-21,3631689.0,1093113.0,2538576.0,1
2023-10-22,2746057.0,800604.0,1945453.0,1
2023-10-23,4598974.0,1961556.0,2637418.0,0
2023-10-24,4680698.0,2001231.0,2679467.0,0
2023-10-25,4798529.0,2010851.0,2787678.0,0
2023-10-26,4749746.0,1994370.0,2755376.0,0
2023-10-27,4846606.0,1963498.0,2883108.0,0
2023-10-28,3725923.0,1115891.0,2610032.0,1
2023-10-29,2845896.0,830475.0,2015421.0,1
2023-10-30,4640744.0,1967635.0,2673109.0,0
2023-10-31,4752376.0,2013094.0,2739282.0,0
2023-11-01,4705864.0,1999965.0,2705899.0,0
2023-11-02,4790693.0,2011160.0,2779533.0,0
2023-11-03,4800848.0,1963863.0,2836985.0,0
2023-11-04,3624044.0,1069400.0,2554644.0,1
2023-11-05,2535990.0,745684.0,1790306.0,1
2023-11-06,4577777.0,2012535.0,2565242.0,0
2023-11-07,4737278.0,2039437.0,2697841.0,0
2023-11-08,4791377.0,2031946.0,2759431.0,0
2023-11-09,4855681.0,2045550.0,2810131.0,0
2023-11-10,4998736.0,2042216.0,2956520.0,0
2023-11-11,3494506.0,1047659.0,2446847.0,1
2023-11-12,2630239.0,758553.0,1871686.0,1
2023-11-13,4598750.0,1973308.0,2625442.0,0
2023-11-14,4711329.0,2017749.0,2693580.0,0
2023-11-15,4909966.0,2029327.0,2880639.0,0
2023-11-16,4539467.0,1913461.0,2626006.0,0
2023-11-17,4759433.0,1912989.0,2846444.0,0
2023-11-18,3427504.0,1008684.0,2418820.0,1
2023-11-19,2676943.0,762100.0,1914843.0,1
2023-11-20,4643352.0,1971934.0,2671418.0,0
2023-11-21,4744651.0,2022203.0,2722448.0,0
2023-11-22,4791947.0,2013254.0,2778693.0,0
2023-11-23,4770014.0,2008772.0,2761242.0,0
2023-11-24,4805963.0,1957713.0,2848250.0,0
2023-11-25,3382098.0,997661.0,2384437.0,1
2023-11-26,2602267.0,746650.0,1855617.0,1
2023-11-27,4582126.0,1966647.0,2615479.0,0
2023-11-28,4733293.0,2013904.0,2719389.0,0
2023-11-29,4767041.0,2010915.0,2756126.0,0
2023-11-30,4679028.0,1989993.0,2689035.0,0
2023-12-01,4772379.0,1954407.0,2817972.0,0
2023-12-02,3399917.0,977365.0,2422552.0,1
2023-12-03,2602880.0,740267.0,1862613.0,1
2023-12-04,4583250.0,1951485.0,2631765.0,0
2023-12-05,4695886.0,1985701.0,2710185.0,0
2023-12-06,4694332.0,1965917.0,2728415.0,0
2023-12-07,4743087.0,1968306.0,2774781.0,0
2023-12-08,4837157.0,1942689.0,2894468.0,0
2023-12-09,3494648.0,994243.0,2500405.0,1
2023-12-10,2624009.0,743339.0,1880670.0,1
2023-12-11,4547812.0,1956777.0,2591035.0,0
2023-12-12,4740039.0,1988395.0,2751644.0,0
2023-12-13,4804760.0,1980514.0,2824246.0,0
2023-12-14,4764544.0,1988411.0,2776133.0,0
2023-12-15,4824981.0,1958647.0,2866334.0,0
2023-12-16,3574509.0,1018121.0,2556388.0,1
2023-12-17,2454015.0,709901.0,1744114.0,1
2023-12-18,4525635.0,1917955.0,2607680.0,0
2023-12-19,4737871.0,1966244.0,2771627.0,0
2023-12-20,4946766.0,2067792.0,2878974.0,0
2023-12-21,4614027.0,1937986.0,2676041.0,0
2023-12-22,4765965.0,1898211.0,2867754.0,0
2023-12-23,3367896.0,965310.0,2402586.0,1
2023-12-24,3165856.0,900941.0,2264915.0,1
2023-12-25,2802787.0,791027.0,2011760.0,1
2023-12-26,4508360.0,1815791.0,2692569.0,0
2023-12-27,4641372.0,1859432.0,2781940.0,0
2023-12-28,4590293.0,1815201.0,2775092.0,0
2023-12-29,4627805.0,1694331.0,2933474.0,0
2023-12-30,3316679.0,943124.0,2373555.0,1
2023-12-31,2667373.0,747450.0,1919923.0,1
2024-01-01,2029844.0,581438.0,1448406.0,1
2024-01-02,4214433.0,1819058.0,2395375.0,0
2024-01-03,4388420.0,1897153.0,2491267.0,0
2024-01-04,4406457.0,1862670.0,2543787.0,0
2024-01-05,4534935.0,1863779.0,2671156.0,0
2024-01-06,3278029.0,957961.0,2320068.0,1
2024-01-07,2461313.0,715049.0,1746264.0,1
2024-01-08,4225026.0,1846309.0,2378717.0,0
2024-01-09,4461028.0,1939202.0,2521826.0,0
2024-01-10,4494105.0,1913631.0,2580474.0,0
2024-01-11,4430877.0,1855272.0,2575605.0,0
2024-01-12,4521189.0,1845544.0,2675645.0,0
2024-01-13,3322076.0,970527.0,2351549.0,1
2024-01-14,2322646.0,676152.0,1646494.0,1
2024-01-15,4273031.0,1854045.0,2418986.0,0
2024-01-16,4360148.0,1867509.0,2492639.0,0
2024-01-17,4487160.0,1897205.0,2589955.0,0
2024-01-18,4432908.0,1867322.0,2565586.0,0
2024-01-19,4524412.0,1838219.0,2686193.0,0
2024-01-20,3262951.0,944867.0,2318084.0,1
2024-01-21,2471494.0,702594.0,1768900.0,1
2024-01-22,4203532.0,1846330.0,2357202.0,0
2024-01-23,4084827.0,1825917.0,2258910.0,0
2024-01-24,4256791.0,1856932.0,2399859.0,0
2024-01-25,4371534.0,1866991.0,2504543.0,0
2024-01-26,4498999.0,1839626.0,2659373.0,0
2024-01-27,3312084.0,962366.0,2349718.0,1
2024-01-28,2493407.0,722994.0,1770413.0,1
2024-01-29,4308656.0,1847642.0,2461014.0,0
2024-01-30,4413719.0,1881733.0,2531986.0,0
2024-01-31,4482376.0,1891948.0,2590428.0,0
2024-02-01,4579299.0,1917614.0,2661685.0,0
2024-02-02,4649790.0,1910394.0,2739396.0,0
2024-02-03,3321763.0,963546.0,2358217.0,1
2024-02-04,2648878.0,762174.0,1886704.0,1
2024-02-05,4484071.0,1946566.0,2537505.0,0
2024-02-06,4622079.0,1955687.0,2666392.0,0
2024-02-07,4623478.0,1923728.0,2699750.0,0
2024-02-08,4447043.0,1681003.0,2766040.0,0
2024-02-09,2026668.0,564740.0,1461928.0,1
2024-02-10,1579526.0,470735.0,1108791.0,1
2024-02-11,2036674.0,556116.0,1480558.0,1
2024-02-12,2277217.0,644162.0,1633055.0,1
2024-02-13,4227543.0,1786931.0,2440612.0,0
2024-02-14,4524938.0,1902448.0,2622490.0,0
2024-02-15,4394109.0,1891364.0,2502745.0,0
2024-02-16,4660971.0,1903878.0,2757093.0,0
2024-02-17,3534207.0,1043798.0,2490409.0,1
2024-02-18,2578906.0,731785.0,1847121.0,1
2024-02-19,4278865.0,1847419.0,2431446.0,0
2024-02-20,4539782.0,1912339.0,2627443.0,0
2024-02-21,4494048.0,1935829.0,2558219.0,0
2024-02-22,4774315.0,2031282.0,2743033.0,0
2024-02-23,4739800.0,1924320.0,2815480.0,0
2024-02-24,3579996.0,1065966.0,2514030.0,1
2024-02-25,2678845.0,789981.0,1888864.0,1
2024-02-26,4459154.0,1871228.0,2587926.0,0
2024-02-27,4544486.0,1896276.0,2648210.0,0
2024-02-28,4598307.0,1891287.0,2707020.0,0
2024-02-29,4639761.0,1875790.0,2763971.0,0
2024-03-01,2982224.0,875524.0,2106700.0,1
2024-03-02,3168845.0,928061.0,2240784.0,1
2024-03-03,2640816.0,766267.0,1874549.0,1
2024-03-04,4772266.0,2027088.0,2745178.0,0
2024-03-05,4790788.0,2077751.0,2713037.0,0
2024-03-06,4866140.0,2084580.0,2781560.0,0
2024-03-07,4751637.0,2033124.0,2718513.0,0
2024-03-08,4970507.0,2069450.0,2901057.0,0
2024-03-09,3628350.0,1075937.0,2552413.0,1
2024-03-10,2786131.0,815963.0,1970168.0,1
2024-03-11,4720167.0,2052793.0,2667374.0,0
2024-03-12,4810843.0,2108512.0,2702331.0,0
2024-03-13,4910557.0,2103556.0,2807001.0,0
2024-03-14,4901191.0,2086660.0,2814531.0,0
2024-03-15,4975914.0,2052027.0,2923887.0,0
2024-03-16,3726714.0,1103590.0,2623124.0,1
2024-03-17,2771019.0,802810.0,1968209.0,1
2024-03-18,4767184.0,2064568.0,2702616.0,0
2024-03-19,4844269.0,2110494.0,2733775.0,0
2024-03-20,4913790.0,2093276.0,2820514.0,0
2024-03-21,4927592.0,2093028.0,2834564.0,0
2024-03-22,4919432.0,2014689.0,2904743.0,0
2024-03-23,3719716.0,1105762.0,2613954.0,1
2024-03-24,2908840.0,851837.0,2057003.0,1
2024-03-25,4765977.0,2062592.0,2703385.0,0
2024-03-26,4867116.0,2118984.0,2748132.0,0
2024-03-27,4960517.0,2091547.0,2868970.0,0
2024-03-28,2635754.0,1193219.0,1442535.0,0
2024-03-29,4854452.0,2011318.0,2843134.0,0
2024-03-30,3660800.0,1083529.0,2577271.0,1
2024-03-31,2937143.0,856178.0,2080965.0,1
2024-04-01,4728327.0,2025910.0,2702417.0,0
2024-04-02,4873069.0,2080370.0,2792699.0,0
2024-04-03,4816106.0,2051040.0,2765066.0,0
2024-04-04,4909914.0,2059171.0,2850743.0,0
2024-04-05,5048807.0,2039528.0,3009279.0,0
2024-04-06,3954800.0,1166392.0,2788408.0,1
2024-04-07,3079709.0,896119.0,2183590.0,1
2024-04-08,4732013.0,2015435.0,2716578.0,0
2024-04-09,4998235.0,2091422.0,2906813.0,0
2024-04-10,3250269.0,934106.0,2316163.0,1
2024-04-11,4790580.0,2030302.0,2760278.0,0
2024-04-12,4936234.0,1999849.0,2936385.0,0
2024-04-13,3743065.0,1102616.0,2640449.0,1
2024-04-14,2869787.0,837262.0,2032525.0,1
2024-04-15,4589215.0,2016957.0,2572258.0,0
2024-04-16,4865356.0,2102592.0,2762764.0,0
2024-04-17,4899277.0,2068795.0,2830482.0,0
2024-04-18,4865263.0,2043152.0,2822111.0,0
2024-04-19,4940619.0,1992558.0,2948061.0,0
2024-04-20,3402297.0,1006047.0,2396250.0,1
2024-04-21,2742205.0,796687.0,1945518.0,1
2024-04-22,4698331.0,1996950.0,2701381.0,0
2024-04-23,4825858.0,2052685.0,2773173.0,0
2024-04-24,4828258.0,2062970.0,2765288.0,0
2024-04-25,4910871.0,2046998.0,2863873.0,0
2024-04-26,5038098.0,2019756.0,3018342.0,0
2024-04-27,3866180.0,1158089.0,2708091.0,1
2024-04-28,2941461.0,851892.0,2089569.0,1
2024-04-29,4820635.0,2036575.0,2784060.0,0
2024-04-30,5039259.0,2093363.0,2945896.0,0
2024-05-01,3876104.0,1253933.0,2622171.0,0
2024-05-02,4975463.0,2070906.0,2904557.0,0
2024-05-03,5072835.0,2030508.0,3042327.0,0
2024-05-04,3740503.0,1101177.0,2639326.0,1
2024-05-05,2423881.0,718761.0,1705120.0,1
2024-05-06,2571338.0,757763.0,1813575.0,0
2024-05-07,4868559.0,2101546.0,2767013.0,0
2024-05-08,5002542.0,2128253.0,2874289.0,0
2024-05-09,4959281.0,2076908.0,2882373.0,0
2024-05-10,5100354.0,2064931.0,3035423.0,0
2024-05-11,3437316.0,998333.0,2438983.0,1
2024-05-12,2996276.0,880692.0,2115584.0,1
2024-05-13,4846067.0,2040905.0,2805162.0,0
2024-05-14,5110526.0,2101722.0,3008804.0,0
2024-05-15,3006417.0,879699.0,2126718.0,1
2024-05-16,4928513.0,2053437.0,2875076.0,0
2024-05-17,5038949.0,2025709.0,3013240.0,0
2024-05-18,3893527.0,1156969.0,2736558.0,1
2024-05-19,3004766.0,875943.0,2128823.0,1
2024-05-20,4773265.0,2014363.0,2758902.0,0
2024-05-21,4941022.0,2084226.0,2856796.0,0
2024-05-22,4982226.0,2071992.0,2910234.0,0
2024-05-23,4975505.0,2060575.0,2914930.0,0
2024-05-24,5078444.0,2026742.0,3051702.0,0
2024-05-25,3926122.0,1162774.0,2763348.0,1
2024-05-26,2745327.0,790175.0,1955152.0,1
2024-05-27,4812311.0,2023442.0,2788869.0,0
2024-05-30,4901492.0,2031872.0,2869620.0,0
2024-05-31,5056465.0,2028963.0,3027502.0,0
2024-06-01,3773712.0,1118784.0,2654928.0,1
2024-06-02,2902286.0,844152.0,2058134.0,1
2024-06-03,4790602.0,2030421.0,2760181.0,0
2024-06-04,4924684.0,2074878.0,2849806.0,0
2024-06-05,5089545.0,2087095.0,3002450.0,0
2024-06-06,3171357.0,922093.0,2249264.0,0
2024-06-07,4729231.0,1800023.0,2929208.0,0
2024-06-08,3351098.0,1019521.0,2331577.0,1
2024-06-09,2839878.0,830127.0,2009751.0,1
2024-06-10,4835439.0,2031988.0,2803451.0,0
2024-06-11,4957742.0,2079321.0,2878421.0,0
2024-06-12,4991015.0,2073993.0,2917022.0,0
2024-06-13,5009875.0,2076907.0,2932968.0,0
2024-06-14,5098271.0,2047069.0,3051202.0,0
2024-06-15,3704627.0,1102834.0,2601793.0,1
2024-06-16,2917791.0,852369.0,2065422.0,1
2024-06-17,4807886.0,2016906.0,2790980.0,0
2024-06-18,4907275.0,2058001.0,2849274.0,0
2024-06-19,4990095.0,2082224.0,2907871.0,0
2024-06-20,5002698.0,2079170.0,2923528.0,0
2024-06-21,5098931.0,2053211.0,3045720.0,0
2024-06-22,3462271.0,1060879.0,2401392.0,1
2024-06-23,2865842.0,840323.0,2025519.0,1
2024-06-24,4772799.0,2007037.0,2765762.0,0
2024-06-25,4901091.0,2051517.0,2849574.0,0
2024-06-26,4995087.0,2059892.0,2935195.0,0
2024-06-27,4967014.0,2049140.0,2917874.0,0
2024-06-28,5135970.0,2054187.0,3081783.0,0
2024-06-29,3650409.0,1075550.0,2574859.0,1
2024-06-30,2603371.0,777431.0,1825940.0,1
2024-07-01,4852485.0,2060385.0,2792100.0,0
2024-07-02,2603371.0,777431.0,1825940.0,0
2024-07-03,4946387.0,2069738.0,2876649.0,0
2024-07-04,4976608.0,2072300.0,2904308.0,0
2024-07-05,5046405.0,2058050.0,2988355.0,0
2024-07-06,3511342.0,1026382.0,2484960.0,1
2024-07-07,2810870.0,801164.0,2009706.0,1
2024-07-08,4617854.0,2020751.0,2597103.0,0
2024-07-09,4845487.0,2070101.0,2775386.0,0
2024-07-10,4999408.0,2091556.0,2907852.0,0
2024-07-11,4975422.0,2070819.0,2904603.0,0
2024-07-12,5108892.0,2061862.0,3047030.0,0
2024-07-13,3843913.0,1143133.0,2700780.0,1
2024-07-14,2944228.0,868197.0,2076031.0,1
2024-07-15,4911702.0,2086293.0,2825409.0,0
2024-07-16,4859951.0,2075205.0,2784746.0,0
2024-07-17,4729001.0,2024017.0,2704984.0,0
2024-07-18,4582007.0,2010816.0,2571191.0,0
2024-07-19,5225395.0,2096234.0,3129161.0,0
2024-07-20,3568052.0,1067401.0,2500651.0,1
2024-07-21,2805176.0,826340.0,1978836.0,1
2024-07-22,4577085.0,1983568.0,2593517.0,0
2024-07-23,4729280.0,2004274.0,2725006.0,0
2024-07-24,4942599.0,2054588.0,2888011.0,0
2024-07-25,4953874.0,2040667.0,2913207.0,0
2024-07-26,4897789.0,1968301.0,2929488.0,0
2024-07-27,3481969.0,1033942.0,2448027.0,1
2024-07-28,2820319.0,845341.0,1974978.0,1
2024-07-29,4501804.0,1882967.0,2618837.0,0
2024-07-30,4703857.0,1939388.0,2764469.0,0
2024-07-31,4787883.0,1947768.0,2840115.0,0
2024-08-01,4637938.0,1899256.0,2738682.0,0
2024-08-02,4648426.0,1862536.0,2785890.0,0
2024-08-03,3427876.0,1025479.0,2402397.0,1
2024-08-04,2670165.0,822947.0,1847218.0,1
2024-08-05,4531431.0,1929730.0,2601701.0,0
2024-08-06,4681817.0,1983004.0,2698813.0,0
2024-08-07,4743633.0,2004374.0,2739259.0,0
2024-08-08,4739761.0,1984641.0,2755120.0,0
2024-08-09,4861612.0,1983362.0,2878250.0,0
2024-08-10,3632930.0,1101228.0,2531702.0,1
2024-08-11,2747706.0,826971.0,1920735.0,1
2024-08-12,4748353.0,2017181.0,2731172.0,0
2024-08-13,4853659.0,2049755.0,2803904.0,0
2024-08-14,4982337.0,2035387.0,2946950.0,0
2024-08-15,2969491.0,879892.0,2089599.0,1
2024-08-16,4732694.0,1843658.0,2889036.0,0
2024-08-17,3449279.0,1034464.0,2414815.0,1
2024-08-18,2765465.0,842106.0,1923359.0,1
2024-08-19,4862523.0,2083674.0,2778849.0,0
2024-08-20,4862523.0,2083674.0,2778849.0,0
2024-08-21,4847592.0,2099420.0,2748172.0,0
2024-08-22,4925553.0,2116763.0,2808790.0,0
2024-08-23,5207889.0,2115044.0,3092845.0,0
2024-08-24,3741387.0,1115077.0,2626310.0,1
2024-08-25,2877081.0,853124.0,2023957.0,1
2024-08-26,4905522.0,2079761.0,2825761.0,0
2024-08-27,4992049.0,2135719.0,2856330.0,0
2024-08-28,5106809.0,2136107.0,2970702.0,0
2024-08-29,5060894.0,2110862.0,2950032.0,0
2024-08-30,5235636.0,2121484.0,3114152.0,0
2024-08-31,3855906.0,1140220.0,2715686.0,1
2024-09-01,2973063.0,881702.0,2091361.0,1
2024-09-02,5017525.0,2151559.0,2865966.0,0
2024-09-03,5195173.0,2210355.0,2984818.0,0
2024-09-04,5269252.0,2218245.0,3051007.0,0
2024-09-05,5182265.0,2180071.0,3002194.0,0
2024-09-06,5242472.0,2137544.0,3104928.0,0
2024-09-07,4047933.0,1214038.0,2833895.0,1
2024-09-08,3046368.0,900571.0,2145797.0,1
2024-09-09,5171096.0,2192895.0,2978201.0,0
2024-09-10,5335393.0,2258019.0,3077374.0,0
2024-09-11,5338460.0,2232124.0,3106336.0,0
2024-09-12,5180929.0,2192556.0,2988373.0,0
2024-09-13,5272542.0,2017306.0,3255236.0,0
2024-09-14,3555837.0,1048001.0,2507836.0,1
2024-09-15,2754649.0,812894.0,1941755.0,1
2024-09-16,2196299.0,629503.0,1566796.0,1
2024-09-17,1929347.0,569384.0,1359963.0,1
2024-09-18,2428378.0,698669.0,1729709.0,1
2024-09-19,4930824.0,2072067.0,2858757.0,0
2024-09-20,4943369.0,2052648.0,2890721.0,0
2024-09-21,3647724.0,1077606.0,2570118.0,1
2024-09-22,3024038.0,873720.0,2150318.0,1
2024-09-23,5047396.0,2135251.0,2912145.0,0
2024-09-24,5145326.0,2163513.0,2981813.0,0
2024-09-25,5216781.0,2168138.0,3048643.0,0
2024-09-26,5197727.0,2158532.0,3039195.0,0
2024-09-27,5315969.0,2137677.0,3178292.0,0
2024-09-28,4020028.0,1200482.0,2819546.0,1
2024-09-29,3089509.0,916728.0,2172781.0,1
2024-09-30,5113263.0,2111608.0,3001655.0,0
2024-10-01,3302245.0,1056429.0,2245816.0,1
2024-10-02,5143458.0,2115354.0,3028104.0,0
2024-10-03,3288235.0,959373.0,2328862.0,1
2024-10-04,4971200.0,1923615.0,3047585.0,0
2024-10-05,4009166.0,1160477.0,2848689.0,1
2024-10-06,2827164.0,816767.0,2010397.0,1
2024-10-07,4954297.0,2091535.0,2862762.0,0
2024-10-08,5186875.0,2154899.0,3031976.0,0
2024-10-09,3318992.0,973022.0,2345970.0,1
2024-10-10,5086111.0,2126163.0,2959948.0,0
2024-10-11,5201113.0,2102279.0,3098834.0,0
2024-10-12,3961409.0,1183842.0,2777567.0,1
2024-10-13,3000092.0,875593.0,2124499.0,1
2024-10-14,4919274.0,2073152.0,2846122.0,0
2024-10-15,5019363.0,2133408.0,2885955.0,0
2024-10-16,5096222.0,2120670.0,2975552.0,0
2024-10-17,5067032.0,2103333.0,2963699.0,0
2024-10-18,4922654.0,2038543.0,2884111.0,0
2024-10-19,3880878.0,1158700.0,2722178.0,1
2024-10-20,3077188.0,909599.0,2167589.0,1
2024-10-21,4908376.0,2072680.0,2835696.0,0
2024-10-22,4884513.0,2112797.0,2771716.0,0
2024-10-23,5041394.0,2110361.0,2931033.0,0
2024-10-24,5024275.0,2089796.0,2934479.0,0
2024-10-25,5183112.0,2064377.0,3118735.0,0
2024-10-26,4026928.0,1194663.0,2832265.0,1
2024-10-27,2991012.0,860873.0,2130139.0,1
2024-10-28,4900706.0,2052646.0,2848060.0,0
2024-10-29,5017336.0,2095851.0,2921485.0,0
2024-10-30,5092649.0,2111786.0,2980863.0,0
