date,total_passenger,commute_passenger,other_passenger,ID,holiday_or_weekend
2022-01-01,1792725.0,502533.0,1290192.0,1,1
2022-01-02,2053208.0,608212.0,1444996.0,2,1
2022-01-03,4487668.0,2285899.0,2201769.0,3,0
2022-01-04,4648008.0,2316071.0,2331937.0,4,0
2022-01-05,4648008.0,2316071.0,2331937.0,5,0
2022-01-06,4721856.0,2294838.0,2427018.0,6,0
2022-01-07,4854826.0,2275643.0,2579183.0,7,0
2022-01-08,3198528.0,915337.0,2283191.0,8,1
2022-01-09,2234015.0,657046.0,1576969.0,9,1
2022-01-10,4678415.0,2321982.0,2356433.0,10,0
2022-01-11,4746850.0,2357572.0,2389278.0,11,0
2022-01-12,4696356.0,2310513.0,2385843.0,12,0
2022-01-13,4732040.0,2300701.0,2431339.0,13,0
2022-01-14,4843415.0,2264769.0,2578646.0,14,0
2022-01-15,3237409.0,918037.0,2319372.0,15,1
2022-01-16,2312541.0,684271.0,1628270.0,16,1
2022-01-17,4727460.0,2353899.0,2373561.0,17,0
2022-01-18,4793151.0,2358704.0,2434447.0,18,0
2022-01-19,4939420.0,2387376.0,2552044.0,19,0
2022-01-20,4863136.0,2343811.0,2519325.0,20,0
2022-01-21,4980943.0,2305495.0,2675448.0,21,0
2022-01-22,3328764.0,958778.0,2369986.0,22,1
2022-01-23,2338609.0,689467.0,1649142.0,23,1
2022-01-24,4753870.0,2334110.0,2419760.0,24,0
2022-01-25,4818474.0,2345636.0,2472838.0,25,0
2022-01-26,4901372.0,2343487.0,2557885.0,26,0
2022-01-27,4810655.0,2293632.0,2517023.0,27,0
2022-01-28,4733542.0,1958840.0,2774702.0,28,0
2022-01-29,2669666.0,791207.0,1878459.0,29,1
2022-01-30,1910802.0,560139.0,1350663.0,30,1
2022-01-31,1432324.0,403835.0,1028489.0,31,1
2022-02-01,1241418.0,362195.0,879223.0,32,1
2022-02-02,1775475.0,518475.0,1257000.0,33,1
2022-02-03,4220123.0,2073179.0,2146944.0,34,0
2022-02-04,4482657.0,2130133.0,2352524.0,35,0
2022-02-05,2796375.0,826500.0,1969875.0,36,1
2022-02-06,1988916.0,599216.0,1389700.0,37,1
2022-02-07,4497085.0,2261181.0,2235904.0,38,0
2022-02-08,4560675.0,2255764.0,2304911.0,39,0
2022-02-09,4586735.0,2242264.0,2344471.0,40,0
2022-02-10,4579725.0,2219310.0,2360415.0,41,0
2022-02-11,4664391.0,2183776.0,2480615.0,42,0
2022-02-12,3069359.0,899234.0,2170125.0,43,1
2022-02-13,2163686.0,647996.0,1515690.0,44,1
2022-02-14,4498410.0,2218358.0,2280052.0,45,0
2022-02-15,4498355.0,2219617.0,2278738.0,46,0
2022-02-16,4411794.0,2177154.0,2234640.0,47,0
2022-02-17,4374278.0,2142259.0,2232019.0,48,0
2022-02-18,4515988.0,2103496.0,2412492.0,49,0
2022-02-19,3025750.0,863025.0,2162725.0,50,1
2022-02-20,2077583.0,611351.0,1466232.0,51,1
2022-02-21,4329882.0,2128277.0,2201605.0,52,0
2022-02-22,4385763.0,2127874.0,2257889.0,53,0
2022-02-23,4362447.0,2106283.0,2256164.0,54,0
2022-02-24,4370005.0,2086871.0,2283134.0,55,0
2022-02-25,4521635.0,2060659.0,2460976.0,56,0
2022-02-26,2904446.0,832472.0,2071974.0,57,1
2022-02-27,2170459.0,634144.0,1536315.0,58,1
2022-02-28,4197353.0,1916436.0,2280917.0,59,0
2022-03-01,2295218.0,684009.0,1611209.0,60,1
2022-03-02,4458255.0,2175006.0,2283249.0,61,0
2022-03-03,4453732.0,2153590.0,2300142.0,62,0
2022-03-04,4500847.0,2102856.0,2397991.0,63,0
2022-03-05,2959593.0,857647.0,2101946.0,64,1
2022-03-06,2067477.0,615693.0,1451784.0,65,1
2022-03-07,4337383.0,2129790.0,2207593.0,66,0
2022-03-08,4504496.0,2160979.0,2343517.0,67,0
2022-03-09,2391479.0,723470.0,1668009.0,68,1
2022-03-10,4347840.0,2098121.0,2249719.0,69,0
2022-03-11,4499573.0,2089282.0,2410291.0,70,0
2022-03-12,3013505.0,879863.0,2133642.0,71,1
2022-03-13,1885163.0,553553.0,1331610.0,72,1
2022-03-14,1885163.0,553553.0,1331610.0,73,0
2022-03-15,4339041.0,2111739.0,2227302.0,74,0
2022-03-16,4343624.0,2091068.0,2252556.0,75,0
2022-03-17,4290446.0,2074687.0,2215759.0,76,0
2022-03-18,4396213.0,2037956.0,2358257.0,77,0
2022-03-19,2721878.0,797626.0,1924252.0,78,1
2022-03-20,2126089.0,635785.0,1490304.0,79,1
2022-03-21,4292856.0,2106769.0,2186087.0,80,0
2022-03-22,4389448.0,2143632.0,2245816.0,81,0
2022-03-23,4375701.0,2118841.0,2256860.0,82,0
2022-03-24,4450329.0,2134089.0,2316240.0,83,0
2022-03-25,4581677.0,2100507.0,2481170.0,84,0
2022-03-26,2921648.0,847816.0,2073832.0,85,1
2022-03-27,2286874.0,676041.0,1610833.0,86,1
2022-03-28,4419955.0,2162414.0,2257541.0,87,0
2022-03-29,4513597.0,2185705.0,2327892.0,88,0
2022-03-30,4456092.0,2148524.0,2307568.0,89,0
2022-03-31,4541317.0,2170712.0,2370605.0,90,0
2022-04-01,4779035.0,2198998.0,2580037.0,91,0
2022-04-02,3388599.0,982205.0,2406394.0,92,1
2022-04-03,2429779.0,723272.0,1706507.0,93,1
2022-04-04,4584772.0,2258453.0,2326319.0,94,0
2022-04-05,4691376.0,2281829.0,2409547.0,95,0
2022-04-06,4755477.0,2288161.0,2467316.0,96,0
2022-04-07,4795776.0,2291553.0,2504223.0,97,0
2022-04-08,5029880.0,2288361.0,2741519.0,98,0
2022-04-09,3776834.0,1093862.0,2682972.0,99,1
2022-04-10,2811209.0,819236.0,1991973.0,100,1
2022-04-11,4807449.0,2330600.0,2476849.0,101,0
2022-04-12,4842776.0,2346964.0,2495812.0,102,0
2022-04-13,4754896.0,2301475.0,2453421.0,103,0
2022-04-14,4834210.0,2311594.0,2522616.0,104,0
2022-04-15,5046931.0,2318388.0,2728543.0,105,0
2022-04-16,3546234.0,1048777.0,2497457.0,106,1
2022-04-17,2555528.0,769995.0,1785533.0,107,1
2022-04-18,4764104.0,2334568.0,2429536.0,108,0
2022-04-19,4932601.0,2402516.0,2530085.0,109,0
2022-04-20,4984418.0,2394438.0,2589980.0,110,0
2022-04-21,4994370.0,2389368.0,2605002.0,111,0
2022-04-22,5035590.0,2315509.0,2720081.0,112,0
2022-04-23,3592115.0,1063293.0,2528822.0,113,1
2022-04-24,2539413.0,764522.0,1774891.0,114,1
2022-04-25,4853858.0,2378001.0,2475857.0,115,0
2022-04-26,5026245.0,2423384.0,2602861.0,116,0
2022-04-27,5161607.0,2449209.0,2712398.0,117,0
2022-04-28,5185331.0,2441629.0,2743702.0,118,0
2022-04-29,5375829.0,2449764.0,2926065.0,119,0
2022-04-30,3956313.0,1163367.0,2792946.0,120,1
2022-05-01,2848986.0,846802.0,2002184.0,121,1
2022-05-02,5113296.0,2504251.0,2609045.0,122,0
2022-05-03,5290268.0,2540919.0,2749349.0,123,0
2022-05-04,5598795.0,2615511.0,2983284.0,124,0
2022-05-05,3259222.0,962596.0,2296626.0,125,1
2022-05-06,5018725.0,2124089.0,2894636.0,126,0
2022-05-07,3549423.0,1046970.0,2502453.0,127,1
2022-05-08,2557335.0,768605.0,1788730.0,128,1
2022-05-09,5147151.0,2513698.0,2633453.0,129,0
2022-05-10,5332898.0,2571995.0,2760903.0,130,0
2022-05-11,5361828.0,2546690.0,2815138.0,131,0
2022-05-12,5375261.0,2535590.0,2839671.0,132,0
2022-05-13,5614082.0,2539491.0,3074591.0,133,0
2022-05-14,4128024.0,1219765.0,2908259.0,134,1
2022-05-15,3008443.0,896702.0,2111741.0,135,1
2022-05-16,5206558.0,2521016.0,2685542.0,136,0
2022-05-17,5335862.0,2554628.0,2781234.0,137,0
2022-05-18,5302464.0,2526386.0,2776078.0,138,0
2022-05-19,5393608.0,2534599.0,2859009.0,139,0
2022-05-20,5601407.0,2520257.0,3081150.0,140,0
2022-05-21,4096781.0,1200796.0,2895985.0,141,1
2022-05-22,2901840.0,858524.0,2043316.0,142,1
2022-05-23,5149284.0,2493954.0,2655330.0,143,0
2022-05-24,5317953.0,2555859.0,2762094.0,144,0
2022-05-25,5427368.0,2567697.0,2859671.0,145,0
2022-05-26,5434952.0,2542109.0,2892843.0,146,0
2022-05-27,5621093.0,2520894.0,3100199.0,147,0
2022-05-28,4058740.0,1179599.0,2879141.0,148,1
2022-05-29,2831069.0,835748.0,1995321.0,149,1
2022-05-30,5114753.0,2484190.0,2630563.0,150,0
2022-05-31,5468357.0,2567494.0,2900863.0,151,0
2022-06-01,3102746.0,937205.0,2165541.0,152,1
2022-06-02,5293255.0,2495846.0,2797409.0,153,0
2022-06-03,5410555.0,2469295.0,2941260.0,154,0
2022-06-04,3711748.0,1094699.0,2617049.0,155,1
2022-06-05,2749522.0,808012.0,1941510.0,156,1
2022-06-06,2599909.0,782357.0,1817552.0,157,1
2022-06-07,5260996.0,2538212.0,2722784.0,158,0
2022-06-08,5329062.0,2546878.0,2782184.0,159,0
2022-06-09,5287642.0,2526678.0,2760964.0,160,0
2022-06-10,5503930.0,2507595.0,2996335.0,161,0
2022-06-11,3857638.0,1128290.0,2729348.0,162,1
2022-06-12,2727373.0,811526.0,1915847.0,163,1
2022-06-13,5131280.0,2495979.0,2635301.0,164,0
2022-06-14,5347600.0,2537178.0,2810422.0,165,0
2022-06-15,5273775.0,2509962.0,2763813.0,166,0
2022-06-16,5385028.0,2522397.0,2862631.0,167,0
2022-06-17,5532904.0,2485235.0,3047669.0,168,0
2022-06-18,3888223.0,1123063.0,2765160.0,169,1
2022-06-19,2724580.0,803327.0,1921253.0,170,1
2022-06-20,5183465.0,2489507.0,2693958.0,171,0
2022-06-21,5344023.0,2541016.0,2803007.0,172,0
2022-06-22,5400812.0,2526881.0,2873931.0,173,0
2022-06-23,5155968.0,2471818.0,2684150.0,174,0
2022-06-24,5499209.0,2463864.0,3035345.0,175,0
2022-06-25,3941086.0,1128718.0,2812368.0,176,1
2022-06-26,2662239.0,778079.0,1884160.0,177,1
2022-06-27,5034384.0,2447575.0,2586809.0,178,0
2022-06-28,5127997.0,2472094.0,2655903.0,179,0
2022-06-29,5168264.0,2479591.0,2688673.0,180,0
2022-06-30,5069105.0,2460918.0,2608187.0,181,0
2022-07-01,5483267.0,2483053.0,3000214.0,182,0
2022-07-02,5483267.0,2483053.0,3000214.0,183,1
2022-07-03,2684867.0,806292.0,1878575.0,184,1
2022-07-04,5143820.0,2518181.0,2625639.0,185,0
2022-07-05,5275555.0,2535681.0,2739874.0,186,0
2022-07-06,5328115.0,2530913.0,2797202.0,187,0
2022-07-07,5212344.0,2485192.0,2727152.0,188,0
2022-07-08,5422427.0,2470280.0,2952147.0,189,0
2022-07-09,3760378.0,1086053.0,2674325.0,190,1
2022-07-10,2683357.0,812358.0,1870999.0,191,1
2022-07-11,5049752.0,2450922.0,2598830.0,192,0
2022-07-12,5271815.0,2517636.0,2754179.0,193,0
2022-07-13,5062763.0,2464195.0,2598568.0,194,0
2022-07-14,5313167.0,2494371.0,2818796.0,195,0
2022-07-15,5519030.0,2471589.0,3047441.0,196,0
2022-07-16,3743855.0,1062419.0,2681436.0,197,1
2022-07-17,2674619.0,795790.0,1878829.0,198,1
2022-07-18,5037433.0,2435421.0,2602012.0,199,0
2022-07-19,5194723.0,2485031.0,2709692.0,200,0
2022-07-20,5254276.0,2478199.0,2776077.0,201,0
2022-07-21,5128742.0,2418868.0,2709874.0,202,0
2022-07-22,5288840.0,2388706.0,2900134.0,203,0
2022-07-23,3522953.0,1032365.0,2490588.0,204,1
2022-07-24,2507099.0,752331.0,1754768.0,205,1
2022-07-25,4956147.0,2377080.0,2579067.0,206,0
2022-07-26,5040434.0,2396839.0,2643595.0,207,0
2022-07-27,5051686.0,2371535.0,2680151.0,208,0
2022-07-28,5048182.0,2351297.0,2696885.0,209,0
2022-07-29,5113123.0,2293346.0,2819777.0,210,0
2022-07-30,3285620.0,987214.0,2298406.0,211,1
2022-07-31,2342500.0,719067.0,1623433.0,212,1
2022-08-01,4582241.0,2189224.0,2393017.0,213,0
2022-08-02,4661091.0,2203669.0,2457422.0,214,0
2022-08-03,4688837.0,2203398.0,2485439.0,215,0
2022-08-04,4893512.0,2286344.0,2607168.0,216,0
2022-08-05,4969297.0,2240293.0,2729004.0,217,0
2022-08-06,4969297.0,2240293.0,2729004.0,218,1
2022-08-07,3272068.0,966425.0,2305643.0,219,1
2022-08-08,4607473.0,2262546.0,2344927.0,220,0
2022-08-09,4328984.0,2122137.0,2206847.0,221,0
2022-08-10,4907049.0,2288600.0,2618449.0,222,0
2022-08-11,4848316.0,2291008.0,2557308.0,223,0
2022-08-12,5183041.0,2296071.0,2886970.0,224,0
2022-08-13,5183041.0,2296071.0,2886970.0,225,1
2022-08-14,2526613.0,737324.0,1789289.0,226,1
2022-08-15,2445107.0,719751.0,1725356.0,227,1
2022-08-16,4898889.0,2333361.0,2565528.0,228,0
2022-08-17,5038722.0,2378801.0,2659921.0,229,0
2022-08-18,5075749.0,2377624.0,2698125.0,230,0
2022-08-19,5128438.0,2325898.0,2802540.0,231,0
2022-08-20,3567737.0,1045625.0,2522112.0,232,1
2022-08-21,2595639.0,785696.0,1809943.0,233,1
2022-08-22,4901970.0,2349189.0,2552781.0,234,0
2022-08-23,5053996.0,2428871.0,2625125.0,235,0
2022-08-24,5119818.0,2420596.0,2699222.0,236,0
2022-08-25,5118960.0,2400673.0,2718287.0,237,0
2022-08-26,5393439.0,2416812.0,2976627.0,238,0
2022-08-27,3896335.0,1149574.0,2746761.0,239,1
2022-08-28,3896335.0,1149574.0,2746761.0,240,1
2022-08-29,5012046.0,2429877.0,2582169.0,241,0
2022-08-30,5001271.0,2453510.0,2547761.0,242,0
2022-08-31,5249092.0,2475289.0,2773803.0,243,0
2022-09-01,5426319.0,2559212.0,2867107.0,244,0
2022-09-02,5600034.0,2536638.0,3063396.0,245,0
2022-09-03,3966073.0,1154939.0,2811134.0,246,1
2022-09-04,2495119.0,763453.0,1731666.0,247,1
2022-09-05,4879304.0,2458870.0,2420434.0,248,0
2022-09-06,4958044.0,2337894.0,2620150.0,249,0
2022-09-07,5614570.0,2629904.0,2984666.0,250,0
2022-09-08,5445721.0,2181530.0,3264191.0,251,0
2022-09-09,2291944.0,659421.0,1632523.0,252,1
2022-09-10,1741406.0,506430.0,1234976.0,253,1
2022-09-11,2299855.0,641962.0,1657893.0,254,1
2022-09-12,2509959.0,747804.0,1762155.0,255,1
2022-09-13,2509959.0,747804.0,1762155.0,256,0
2022-09-14,5360180.0,2578109.0,2782071.0,257,0
2022-09-15,5446766.0,2589172.0,2857594.0,258,0
2022-09-16,5667287.0,2571663.0,3095624.0,259,0
2022-09-17,4075229.0,1181437.0,2893792.0,260,1
2022-09-18,2939623.0,857257.0,2082366.0,261,1
2022-09-19,5286185.0,2565007.0,2721178.0,262,0
2022-09-20,5485559.0,2624043.0,2861516.0,263,0
2022-09-22,5536302.0,2590061.0,2946241.0,265,0
2022-09-23,5713286.0,2565326.0,3147960.0,266,0
2022-09-24,4259126.0,1252974.0,3006152.0,267,1
2022-09-25,3013467.0,891448.0,2122019.0,268,1
2022-09-26,5330270.0,2570218.0,2760052.0,269,0
2022-09-27,5529272.0,2630869.0,2898403.0,270,0
2022-09-28,5511121.0,2597516.0,2913605.0,271,0
2022-09-29,5531320.0,2583207.0,2948113.0,272,0
2022-09-30,5748058.0,2560127.0,3187931.0,273,0
2022-10-01,4007553.0,1177787.0,2829766.0,274,1
2022-10-02,2951800.0,846630.0,2105170.0,275,1
2022-10-03,2491693.0,743851.0,1747842.0,276,1
2022-10-04,5375463.0,2596762.0,2778701.0,277,0
2022-10-05,5556582.0,2635534.0,2921048.0,278,0
2022-10-06,5573068.0,2606909.0,2966159.0,279,0
2022-10-07,5838293.0,2612688.0,3225605.0,280,0
2022-10-08,5838293.0,2612688.0,3225605.0,281,1
2022-10-09,2786803.0,821331.0,1965472.0,282,1
2022-10-10,2892815.0,847924.0,2044891.0,283,1
2022-10-11,5464164.0,2626002.0,2838162.0,284,0
2022-10-12,5464164.0,2626002.0,2838162.0,285,0
2022-10-13,5596010.0,2628033.0,2967977.0,286,0
2022-10-14,5741987.0,2595384.0,3146603.0,287,0
2022-10-15,4195330.0,1238880.0,2956450.0,288,1
2022-10-16,4195330.0,1238880.0,2956450.0,289,1
2022-10-17,5332884.0,2564549.0,2768335.0,290,0
2022-10-18,5332884.0,2564549.0,2768335.0,291,0
2022-10-19,5555126.0,2619093.0,2936033.0,292,0
2022-10-20,5558245.0,2593283.0,2964962.0,293,0
2022-10-21,5729558.0,2556668.0,3172890.0,294,0
2022-10-22,4324252.0,1284787.0,3039465.0,295,1
2022-10-23,3014502.0,886217.0,2128285.0,296,1
2022-10-25,5532319.0,2622395.0,2909924.0,298,0
2022-10-26,5594271.0,2609886.0,2984385.0,299,0
2022-10-27,5634146.0,2610626.0,3023520.0,300,0
2022-10-28,5634146.0,2610626.0,3023520.0,301,0
2022-10-29,4497154.0,1328505.0,3168649.0,302,1
2022-10-30,4497154.0,1328505.0,3168649.0,303,1
2022-10-31,5298465.0,2546655.0,2751810.0,304,0
2022-11-01,5405501.0,2609720.0,2795781.0,305,0
2022-11-02,5494620.0,2618989.0,2875631.0,306,0
2022-11-03,5486384.0,2587155.0,2899229.0,307,0
2022-11-04,5639615.0,2551063.0,3088552.0,308,0
2022-11-05,4035623.0,1181129.0,2854494.0,309,1
2022-11-06,2971707.0,874178.0,2097529.0,310,1
2022-11-07,5241743.0,2523532.0,2718211.0,311,0
2022-11-08,5449202.0,2593821.0,2855381.0,312,0
2022-11-09,5489109.0,2583153.0,2905956.0,313,0
2022-11-10,5499746.0,2571877.0,2927869.0,314,0
2022-11-11,5657555.0,2510202.0,3147353.0,315,0
2022-11-12,3987960.0,1137046.0,2850914.0,316,1
2022-11-13,2793778.0,812800.0,1980978.0,317,1
2022-11-14,5216075.0,2490279.0,2725796.0,318,0
2022-11-15,5396648.0,2580700.0,2815948.0,319,0
2022-11-16,5480568.0,2560996.0,2919572.0,320,0
2022-11-17,5450049.0,2529121.0,2920928.0,321,0
2022-11-18,5596958.0,2457707.0,3139251.0,322,0
2022-11-19,4129672.0,1199456.0,2930216.0,323,1
2022-11-20,3003015.0,869350.0,2133665.0,324,1
2022-11-21,5296159.0,2515238.0,2780921.0,325,0
2022-11-22,5443547.0,2570189.0,2873358.0,326,0
2022-11-23,5498990.0,2571334.0,2927656.0,327,0
2022-11-24,5564866.0,2625200.0,2939666.0,328,0
2022-11-25,5678993.0,2487409.0,3191584.0,329,0
2022-11-26,4133584.0,1186961.0,2946623.0,330,1
2022-11-27,2874700.0,835386.0,2039314.0,331,1
2022-11-28,5191373.0,2533660.0,2657713.0,332,0
2022-11-29,5387946.0,2560070.0,2827876.0,333,0
2022-11-30,5225539.0,2470489.0,2755050.0,334,0
2022-12-01,5246761.0,2479395.0,2767366.0,335,0
2022-12-02,5552986.0,2486794.0,3066192.0,336,0
2022-12-03,3906016.0,1107683.0,2798333.0,337,1
2022-12-04,3906016.0,1107683.0,2798333.0,338,1
2022-12-05,5229015.0,2512567.0,2716448.0,339,0
2022-12-06,5229015.0,2512567.0,2716448.0,340,0
2022-12-07,5476540.0,2542091.0,2934449.0,341,0
2022-12-08,5531716.0,2532749.0,2998967.0,342,0
2022-12-09,5695426.0,2492805.0,3202621.0,343,0
2022-12-10,4130808.0,1156291.0,2974517.0,344,1
2022-12-11,4130808.0,1156291.0,2974517.0,345,1
2022-12-12,4130808.0,1156291.0,2974517.0,346,0
2022-12-14,5368481.0,2512036.0,2856445.0,348,0
2022-12-15,5627629.0,2519113.0,3108516.0,349,0
2022-12-16,5771095.0,2509739.0,3261356.0,350,0
2022-12-17,4254953.0,1189544.0,3065409.0,351,1
2022-12-18,2786142.0,800278.0,1985864.0,352,1
2022-12-19,5206607.0,2434075.0,2772532.0,353,0
2022-12-20,2786142.0,800278.0,1985864.0,354,0
2022-12-21,5787969.0,2639540.0,3148429.0,355,0
2022-12-22,5634603.0,2531763.0,3102840.0,356,0
2022-12-23,5480508.0,2356172.0,3124336.0,357,0
2022-12-24,3734343.0,1062684.0,2671659.0,358,1
2022-12-25,2948672.0,853577.0,2095095.0,359,1
2022-12-26,5118543.0,2311816.0,2806727.0,360,0
2022-12-27,5365500.0,2396515.0,2968985.0,361,0
2022-12-28,5410806.0,2377573.0,3033233.0,362,0
2022-12-29,5310975.0,2279514.0,3031461.0,363,0
2022-12-30,5226161.0,1974234.0,3251927.0,364,0
2022-12-31,3318203.0,940543.0,2377660.0,365,1
2023-01-01,2181644.0,626456.0,1555188.0,366,1
2023-01-02,4842659.0,2393898.0,2448761.0,367,0
2023-01-03,5092883.0,2481185.0,2611698.0,368,0
2023-01-04,5185628.0,2479259.0,2706369.0,369,0
2023-01-05,5252312.0,2476542.0,2775770.0,370,0
2023-01-06,5480825.0,2481687.0,2999138.0,371,0
2023-01-07,3718505.0,1050981.0,2667524.0,372,1
2023-01-08,2675696.0,763944.0,1911752.0,373,1
2023-01-09,5169378.0,2494674.0,2674704.0,374,0
2023-01-10,5332921.0,2527487.0,2805434.0,375,0
2023-01-11,5384171.0,2517055.0,2867116.0,376,0
2023-01-12,5417211.0,2510847.0,2906364.0,377,0
2023-01-13,5385156.0,2452900.0,2932256.0,378,0
2023-01-14,3757590.0,1058362.0,2699228.0,379,1
2023-01-15,2662848.0,768248.0,1894600.0,380,1
2023-01-16,5248222.0,2516219.0,2732003.0,381,0
2023-01-17,5350451.0,2526962.0,2823489.0,382,0
2023-01-18,5432797.0,2539051.0,2893746.0,383,0
2023-01-19,5379517.0,2491944.0,2887573.0,384,0
2023-01-20,5077056.0,1998075.0,3078981.0,385,0
2023-01-21,2029690.0,576906.0,1452784.0,386,1
2023-01-22,1563805.0,446118.0,1117687.0,387,1
2023-01-23,2098086.0,582268.0,1515818.0,388,1
2023-01-24,1890036.0,572847.0,1317189.0,389,1
2023-01-25,4599841.0,2278085.0,2321756.0,390,0
2023-01-26,5355798.0,2583276.0,2772522.0,391,0
2023-01-27,5469556.0,2519430.0,2950126.0,392,0
2023-01-28,3638669.0,1038103.0,2600566.0,393,1
2023-01-29,2652376.0,765078.0,1887298.0,394,1
2023-01-30,5209525.0,2508738.0,2700787.0,395,0
2023-01-31,5319025.0,2522734.0,2796291.0,396,0
2023-02-01,5388514.0,2562536.0,2825978.0,397,0
2023-02-02,5390211.0,2544606.0,2845605.0,398,0
2023-02-03,5582573.0,2542225.0,3040348.0,399,0
2023-02-04,3910528.0,1109686.0,2800842.0,400,1
2023-02-05,2761867.0,803065.0,1958802.0,401,1
2023-02-06,5216794.0,2527787.0,2689007.0,402,0
2023-02-07,5382693.0,2572634.0,2810059.0,403,0
2023-02-08,5441437.0,2561871.0,2879566.0,404,0
2023-02-09,5451130.0,2535453.0,2915677.0,405,0
2023-02-10,5586622.0,2513479.0,3073143.0,406,0
2023-02-11,4004988.0,1144937.0,2860051.0,407,1
2023-02-12,2839926.0,817973.0,2021953.0,408,1
2023-02-13,5266269.0,2519405.0,2746864.0,409,0
2023-02-14,5502578.0,2599280.0,2903298.0,410,0
2023-02-15,5504369.0,2565943.0,2938426.0,411,0
2023-02-16,5507754.0,2554975.0,2952779.0,412,0
2023-02-17,5663344.0,2506531.0,3156813.0,413,0
2023-02-18,3963235.0,1125297.0,2837938.0,414,1
2023-02-19,2886242.0,842373.0,2043869.0,415,1
2023-02-20,5299098.0,2539245.0,2759853.0,416,0
2023-02-21,5441182.0,2574639.0,2866543.0,417,0
2023-02-22,5529933.0,2572751.0,2957182.0,418,0
2023-02-23,5550256.0,2558392.0,2991864.0,419,0
2023-02-24,5749324.0,2540265.0,3209059.0,420,0
2023-02-25,4105879.0,1192514.0,2913365.0,421,1
2023-02-26,2976792.0,876331.0,2100461.0,422,1
2023-02-27,5361342.0,2528783.0,2832559.0,423,0
2023-02-28,5675799.0,2573203.0,3102596.0,424,0
2023-03-01,3158156.0,916253.0,2241903.0,425,1
2023-03-02,5516032.0,2600185.0,2915847.0,426,0
2023-03-03,5715666.0,2605729.0,3109937.0,427,0
2023-03-04,3962162.0,1145402.0,2816760.0,428,1
2023-03-05,2847933.0,840502.0,2007431.0,429,1
2023-03-06,5499531.0,2655163.0,2844368.0,430,0
2023-03-07,5643456.0,2698335.0,2945121.0,431,0
2023-03-08,5655058.0,2668178.0,2986880.0,432,0
2023-03-09,5665117.0,2675481.0,2989636.0,433,0
2023-03-10,5903874.0,2641967.0,3261907.0,434,0
2023-03-11,4195985.0,1213167.0,2982818.0,435,1
2023-03-12,2646927.0,796090.0,1850837.0,436,1
2023-03-13,5483843.0,2656348.0,2827495.0,437,0
2023-03-14,5698029.0,2721361.0,2976668.0,438,0
2023-03-15,5690331.0,2674624.0,3015707.0,439,0
2023-03-16,5737684.0,2680624.0,3057060.0,440,0
2023-03-17,5876954.0,2615881.0,3261073.0,441,0
2023-03-18,4266792.0,1239018.0,3027774.0,442,1
2023-03-19,3108676.0,920952.0,2187724.0,443,1
2023-03-20,5547787.0,2660418.0,2887369.0,444,0
2023-03-21,5705274.0,2714306.0,2990968.0,445,0
2023-03-22,5683115.0,2657249.0,3025866.0,446,0
2023-03-23,5728337.0,2684415.0,3043922.0,447,0
2023-03-24,5936100.0,2639954.0,3296146.0,448,0
2023-03-25,4380282.0,1267460.0,3112822.0,449,1
2023-03-26,3133290.0,927262.0,2206028.0,450,1
2023-03-27,5574853.0,2663415.0,2911438.0,451,0
2023-03-28,5783395.0,2726340.0,3057055.0,452,0
2023-03-29,5759989.0,2691347.0,3068642.0,453,0
2023-03-30,5821285.0,2697342.0,3123943.0,454,0
2023-03-31,6021508.0,2650006.0,3371502.0,455,0
2023-04-01,4500202.0,1312860.0,3187342.0,456,1
2023-04-02,3326229.0,975826.0,2350403.0,457,1
2023-04-03,5686594.0,2708250.0,2978344.0,458,0
2023-04-04,5721585.0,2733565.0,2988020.0,459,0
2023-04-05,5410735.0,2625444.0,2785291.0,460,0
2023-04-06,5695719.0,2694288.0,3001431.0,461,0
2023-04-07,5976171.0,2670806.0,3305365.0,462,0
2023-04-08,4317397.0,1298173.0,3019224.0,463,1
2023-04-09,3098952.0,928180.0,2170772.0,464,1
2023-04-10,5579607.0,2675958.0,2903649.0,465,0
2023-04-11,5451089.0,2656042.0,2795047.0,466,0
2023-04-12,5758633.0,2697792.0,3060841.0,467,0
2023-04-13,5730818.0,2676674.0,3054144.0,468,0
2023-04-14,5826131.0,2577217.0,3248914.0,469,0
2023-04-15,3926964.0,1177248.0,2749716.0,470,1
2023-04-16,2916612.0,869793.0,2046819.0,471,1
2023-04-17,5482053.0,2613157.0,2868896.0,472,0
2023-04-18,5509455.0,2654153.0,2855302.0,473,0
2023-04-19,5732978.0,2664314.0,3068664.0,474,0
2023-04-20,5650611.0,2625584.0,3025027.0,475,0
2023-04-21,5817327.0,2577548.0,3239779.0,476,0
2023-04-22,4083453.0,1211011.0,2872442.0,477,1
2023-04-23,2920795.0,874280.0,2046515.0,478,1
2023-04-24,5465715.0,2612273.0,2853442.0,479,0
2023-04-25,5555051.0,2641212.0,2913839.0,480,0
2023-04-26,5743082.0,2670899.0,3072183.0,481,0
2023-04-27,5837100.0,2685878.0,3151222.0,482,0
2023-04-28,6040003.0,2614584.0,3425419.0,483,0
2023-04-29,3878993.0,1152530.0,2726463.0,484,1
2023-04-30,3331770.0,996343.0,2335427.0,485,1
2023-05-02,5717352.0,2711054.0,3006298.0,487,0
2023-05-03,5851904.0,2716252.0,3135652.0,488,0
2023-05-04,6000183.0,2712355.0,3287828.0,489,0
2023-05-05,2865068.0,830258.0,2034810.0,490,1
2023-05-06,3263067.0,973624.0,2289443.0,491,1
2023-05-07,2955393.0,885253.0,2070140.0,492,1
2023-05-08,5502760.0,2638914.0,2863846.0,493,0
2023-05-09,5742216.0,2708562.0,3033654.0,494,0
2023-05-10,5788158.0,2696078.0,3092080.0,495,0
2023-05-11,5823603.0,2690889.0,3132714.0,496,0
2023-05-12,6102612.0,2665043.0,3437569.0,497,0
2023-05-13,4471619.0,1318138.0,3153481.0,498,1
2023-05-14,3218975.0,957657.0,2261318.0,499,1
2023-05-15,5603748.0,2647980.0,2955768.0,500,0
2023-05-16,5789359.0,2718068.0,3071291.0,501,0
2023-05-17,5834391.0,2686470.0,3147921.0,502,0
2023-05-18,5702407.0,2639673.0,3062734.0,503,0
2023-05-19,6037304.0,2629674.0,3407630.0,504,0
2023-05-20,4599382.0,1365790.0,3233592.0,505,1
2023-05-21,3199028.0,950429.0,2248599.0,506,1
2023-05-22,5533688.0,2628553.0,2905135.0,507,0
2023-05-23,5723601.0,2685096.0,3038505.0,508,0
2023-05-24,5750268.0,2657146.0,3093122.0,509,0
2023-05-25,5843045.0,2671688.0,3171357.0,510,0
2023-05-26,5937819.0,2578744.0,3359075.0,511,0
2023-05-27,3612448.0,1056636.0,2555812.0,512,1
2023-05-28,2727624.0,797083.0,1930541.0,513,1
2023-05-29,3128297.0,952162.0,2176135.0,514,0
2023-05-30,5600213.0,2645596.0,2954617.0,515,0
2023-05-31,5685793.0,2652822.0,3032971.0,516,0
2023-06-01,5680310.0,2646870.0,3033440.0,517,0
2023-06-02,5849261.0,2621400.0,3227861.0,518,0
2023-06-03,4187541.0,1218054.0,2969487.0,519,1
2023-06-04,3022054.0,903666.0,2118388.0,520,1
2023-06-05,5139892.0,2230209.0,2909683.0,521,0
2023-06-06,3112544.0,924922.0,2187622.0,522,1
2023-06-07,5571725.0,2640046.0,2931679.0,523,0
2023-06-08,5603992.0,2644429.0,2959563.0,524,0
2023-06-09,5804907.0,2607543.0,3197364.0,525,0
2023-06-10,3966578.0,1159589.0,2806989.0,526,1
2023-06-11,2821140.0,841897.0,1979243.0,527,1
2023-06-12,5457361.0,2585679.0,2871682.0,528,0
2023-06-13,5649172.0,2650264.0,2998908.0,529,0
2023-06-14,5646531.0,2619250.0,3027281.0,530,0
2023-06-15,5695245.0,2607062.0,3088183.0,531,0
2023-06-16,5878144.0,2574165.0,3303979.0,532,0
2023-06-17,4330424.0,1259567.0,3070857.0,533,1
2023-06-18,3051439.0,912443.0,2138996.0,534,1
2023-06-19,5376641.0,2562698.0,2813943.0,535,0
2023-06-20,5563023.0,2606659.0,2956364.0,536,0
2023-06-21,5520479.0,2568083.0,2952396.0,537,0
2023-06-22,5708950.0,2606629.0,3102321.0,538,0
2023-06-23,5914655.0,2571111.0,3343544.0,539,0
2023-06-24,4262412.0,1235161.0,3027251.0,540,1
2023-06-25,2985269.0,890292.0,2094977.0,541,1
2023-06-26,5220820.0,2525886.0,2694934.0,542,0
2023-06-27,5553295.0,2597246.0,2956049.0,543,0
2023-06-28,5589229.0,2587875.0,3001354.0,544,0
2023-06-29,5191470.0,2495916.0,2695554.0,545,0
2023-06-30,5777164.0,2539456.0,3237708.0,546,0
2023-07-01,4052337.0,1171400.0,2880937.0,547,1
2023-07-02,2871754.0,854378.0,2017376.0,548,1
2023-07-03,5355388.0,2585367.0,2770021.0,549,0
2023-07-04,5393012.0,2607932.0,2785080.0,550,0
2023-07-05,5567882.0,2602996.0,2964886.0,551,0
2023-07-06,5646252.0,2618611.0,3027641.0,552,0
2023-07-07,5798974.0,2578756.0,3220218.0,553,0
2023-07-08,4044656.0,1171697.0,2872959.0,554,1
2023-07-09,2619689.0,815096.0,1804593.0,555,1
2023-07-10,5324372.0,2548902.0,2775470.0,556,0
2023-07-11,5255261.0,2537444.0,2717817.0,557,0
2023-07-12,5594173.0,2600402.0,2993771.0,558,0
2023-07-13,5295742.0,2525951.0,2769791.0,559,0
2023-07-14,5447572.0,2472252.0,2975320.0,560,0
2023-07-15,3690364.0,1051091.0,2639273.0,561,1
2023-07-16,2743972.0,815185.0,1928787.0,562,1
2023-07-17,5325223.0,2533907.0,2791316.0,563,0
2023-07-18,5408689.0,2577015.0,2831674.0,564,0
2023-07-19,5593033.0,2595090.0,2997943.0,565,0
2023-07-20,5643641.0,2591950.0,3051691.0,566,0
2023-07-21,5734230.0,2528178.0,3206052.0,567,0
2023-07-22,3857849.0,1112049.0,2745800.0,568,1
2023-07-23,2460261.0,738426.0,1721835.0,569,1
2023-07-24,5250774.0,2491261.0,2759513.0,570,0
2023-07-25,5406989.0,2527958.0,2879031.0,571,0
2023-07-26,5442883.0,2526340.0,2916543.0,572,0
2023-07-27,5489088.0,2507988.0,2981100.0,573,0
2023-07-28,5524939.0,2435511.0,3089428.0,574,0
2023-07-29,3684017.0,1085910.0,2598107.0,575,1
2023-07-30,2802252.0,859425.0,1942827.0,576,1
2023-07-31,5043279.0,2360241.0,2683038.0,577,0
2023-08-01,5123895.0,2403296.0,2720599.0,578,0
2023-08-02,5123895.0,2403296.0,2720599.0,579,0
2023-08-03,5125155.0,2371651.0,2753504.0,580,0
2023-08-04,5124177.0,2290576.0,2833601.0,581,0
2023-08-05,3376323.0,1016743.0,2359580.0,582,1
2023-08-06,2520834.0,781487.0,1739347.0,583,1
2023-08-07,4993777.0,2414066.0,2579711.0,584,0
2023-08-08,5214192.0,2481710.0,2732482.0,585,0
2023-08-09,5264081.0,2474372.0,2789709.0,586,0
2023-08-10,4305021.0,2022942.0,2282079.0,587,0
2023-08-11,5136604.0,2336720.0,2799884.0,588,0
2023-08-12,3632189.0,1052838.0,2579351.0,589,1
2023-08-13,2784337.0,831845.0,1952492.0,590,1
2023-08-14,4788221.0,2064319.0,2723902.0,591,0
2023-08-15,2984359.0,894951.0,2089408.0,592,1
2023-08-16,5356197.0,2499010.0,2857187.0,593,0
2023-08-17,5434484.0,2525571.0,2908913.0,594,0
2023-08-18,5579842.0,2510443.0,3069399.0,595,0
2023-08-19,3840075.0,1125744.0,2714331.0,596,1
2023-08-20,2781163.0,848268.0,1932895.0,597,1
2023-08-21,5222697.0,2489679.0,2733018.0,598,0
2023-08-22,5304493.0,2529989.0,2774504.0,599,0
2023-08-23,5199424.0,2499517.0,2699907.0,600,0
2023-08-24,5424443.0,2531184.0,2893259.0,601,0
2023-08-25,5728724.0,2534557.0,3194167.0,602,0
2023-08-26,4048228.0,1187950.0,2860278.0,603,1
2023-08-27,2925813.0,876359.0,2049454.0,604,1
2023-08-28,5221583.0,2516373.0,2705210.0,605,0
2023-08-29,5260741.0,2540997.0,2719744.0,606,0
2023-08-30,5517568.0,2571132.0,2946436.0,607,0
2023-08-31,5552433.0,2572297.0,2980136.0,608,0
2023-09-01,5824125.0,2601137.0,3222988.0,609,0
2023-09-02,4211683.0,1229863.0,2981820.0,610,1
2023-09-03,2874659.0,850861.0,2023798.0,611,1
2023-09-04,5502841.0,2640728.0,2862113.0,612,0
2023-09-05,5675713.0,2705220.0,2970493.0,613,0
2023-09-06,5717381.0,2680307.0,3037074.0,614,0
2023-09-07,5767543.0,2676036.0,3091507.0,615,0
2023-09-08,5940827.0,2639437.0,3301390.0,616,0
2023-09-09,4294127.0,1275940.0,3018187.0,617,1
2023-09-10,3027343.0,907889.0,2119454.0,618,1
2023-09-11,5531591.0,2648623.0,2882968.0,619,0
2023-09-12,5698310.0,2692776.0,3005534.0,620,0
2023-09-13,5678808.0,2676942.0,3001866.0,621,0
2023-09-14,5778643.0,2664465.0,3114178.0,622,0
2023-09-15,5824331.0,2598449.0,3225882.0,623,0
2023-09-16,4168150.0,1221857.0,2946293.0,624,1
2023-09-17,3017831.0,900564.0,2117267.0,625,1
2023-09-18,5571999.0,2656567.0,2915432.0,626,0
2023-09-19,5714005.0,2688118.0,3025887.0,627,0
2023-09-20,5602738.0,2650091.0,2952647.0,628,0
2023-09-21,5810122.0,2674016.0,3136106.0,629,0
2023-09-22,6041806.0,2662088.0,3379718.0,630,0
2023-09-23,4362714.0,1288972.0,3073742.0,631,1
2023-09-24,3056748.0,914847.0,2141901.0,632,1
2023-09-25,5640905.0,2666063.0,2974842.0,633,0
2023-09-26,5762063.0,2684477.0,3077586.0,634,0
2023-09-27,5584777.0,2243633.0,3341144.0,635,0
2023-09-28,2315804.0,685749.0,1630055.0,636,1
2023-09-29,1884127.0,550847.0,1333280.0,637,1
2023-09-30,2333047.0,678626.0,1654421.0,638,1
2023-10-01,2777580.0,815501.0,1962079.0,639,1
2023-10-02,3164149.0,946826.0,2217323.0,640,1
2023-10-03,2808315.0,853162.0,1955153.0,641,1
2023-10-04,5469165.0,2633631.0,2835534.0,642,0
2023-10-05,5673649.0,2688704.0,2984945.0,643,0
2023-10-06,5913368.0,2660801.0,3252567.0,644,0
2023-10-07,4536182.0,1338308.0,3197874.0,645,1
2023-10-08,3298163.0,968486.0,2329677.0,646,1
2023-10-09,3111825.0,923120.0,2188705.0,647,1
2023-10-10,5676546.0,2698039.0,2978507.0,648,0
2023-10-11,5773212.0,2707430.0,3065782.0,649,0
2023-10-12,5814867.0,2699743.0,3115124.0,650,0
2023-10-13,6069420.0,2673562.0,3395858.0,651,0
2023-10-14,4095098.0,1230924.0,2864174.0,652,1
2023-10-15,3268011.0,972493.0,2295518.0,653,1
2023-10-16,5548016.0,2623647.0,2924369.0,654,0
2023-10-17,5717294.0,2689202.0,3028092.0,655,0
2023-10-18,5753089.0,2665940.0,3087149.0,656,0
2023-10-19,5599261.0,2625602.0,2973659.0,657,0
2023-10-20,6035313.0,2652565.0,3382748.0,658,0
2023-10-21,4369459.0,1299731.0,3069728.0,659,1
2023-10-22,3176803.0,945301.0,2231502.0,660,1
2023-10-23,5508445.0,2603293.0,2905152.0,661,0
2023-10-24,5638214.0,2653165.0,2985049.0,662,0
2023-10-25,5744503.0,2649693.0,3094810.0,663,0
2023-10-26,5710463.0,2620055.0,3090408.0,664,0
2023-10-27,5962783.0,2595103.0,3367680.0,665,0
2023-10-28,4433470.0,1318657.0,3114813.0,666,1
2023-10-29,3220242.0,957007.0,2263235.0,667,1
2023-10-30,5533564.0,2606246.0,2927318.0,668,0
2023-10-31,5670370.0,2657855.0,3012515.0,669,0
2023-11-01,5590866.0,2627606.0,2963260.0,670,0
2023-11-02,5737133.0,2662301.0,3074832.0,671,0
2023-11-03,5838071.0,2581656.0,3256415.0,672,0
2023-11-04,4307331.0,1263393.0,3043938.0,673,1
2023-11-05,2925023.0,864917.0,2060106.0,674,1
2023-11-06,5353401.0,2581657.0,2771744.0,675,0
2023-11-07,5679737.0,2678059.0,3001678.0,676,0
2023-11-08,5767357.0,2668730.0,3098627.0,677,0
2023-11-09,5612368.0,2574556.0,3037812.0,678,0
2023-11-10,5788147.0,2553242.0,3234905.0,679,0
2023-11-11,4333428.0,1251240.0,3082188.0,680,1
2023-11-12,2996090.0,878701.0,2117389.0,681,1
2023-11-13,5452345.0,2572035.0,2880310.0,682,0
2023-11-14,5607835.0,2633146.0,2974689.0,683,0
2023-11-15,5731903.0,2623716.0,3108187.0,684,0
2023-11-16,5560837.0,2580757.0,2980080.0,685,0
2023-11-17,5859616.0,2541082.0,3318534.0,686,0
2023-11-18,4206198.0,1213489.0,2992709.0,687,1
2023-11-19,3109044.0,895833.0,2213211.0,688,1
2023-11-20,5520277.0,2586243.0,2934034.0,689,0
2023-11-21,5666489.0,2647855.0,3018634.0,690,0
2023-11-22,5701484.0,2620742.0,3080742.0,691,0
2023-11-23,5752768.0,2636470.0,3116298.0,692,0
2023-11-24,5891876.0,2548587.0,3343289.0,693,0
2023-11-25,4211765.0,1213620.0,2998145.0,694,1
2023-11-26,3039017.0,876430.0,2162587.0,695,1
2023-11-27,5413923.0,2557526.0,2856397.0,696,0
2023-11-28,5663710.0,2633576.0,3030134.0,697,0
2023-11-29,5680163.0,2616415.0,3063748.0,698,0
2023-11-30,5599299.0,2592905.0,3006394.0,699,0
2023-12-01,5829651.0,2558883.0,3270768.0,700,0
2023-12-02,4146876.0,1164998.0,2981878.0,701,1
2023-12-03,2983142.0,855649.0,2127493.0,702,1
2023-12-04,5461003.0,2573792.0,2887211.0,703,0
2023-12-05,5644159.0,2622596.0,3021563.0,704,0
2023-12-06,5607516.0,2583160.0,3024356.0,705,0
2023-12-07,5728315.0,2596925.0,3131390.0,706,0
2023-12-08,5887566.0,2532791.0,3354775.0,707,0
2023-12-09,4287448.0,1199313.0,3088135.0,708,1
2023-12-10,3031954.0,864739.0,2167215.0,709,1
2023-12-11,5355817.0,2528706.0,2827111.0,710,0
2023-12-12,5695809.0,2608914.0,3086895.0,711,0
2023-12-13,5771310.0,2597937.0,3173373.0,712,0
2023-12-14,5730781.0,2586817.0,3143964.0,713,0
2023-12-15,5881643.0,2517375.0,3364268.0,714,0
2023-12-16,4456256.0,1248123.0,3208133.0,715,1
2023-12-17,2909422.0,849585.0,2059837.0,716,1
2023-12-18,5401368.0,2495946.0,2905422.0,717,0
2023-12-19,5721387.0,2580948.0,3140439.0,718,0
2023-12-20,5829501.0,2619594.0,3209907.0,719,0
2023-12-21,5573101.0,2507281.0,3065820.0,720,0
2023-12-22,5763065.0,2420989.0,3342076.0,721,0
2023-12-23,4085190.0,1155803.0,2929387.0,722,1
2023-12-24,3701648.0,1077065.0,2624583.0,723,1
2023-12-25,3268213.0,945640.0,2322573.0,724,1
2023-12-26,5416162.0,2384453.0,3031709.0,725,0
2023-12-27,5607956.0,2436384.0,3171572.0,726,0
2023-12-28,5542064.0,2363527.0,3178537.0,727,0
2023-12-29,5526630.0,2085055.0,3441575.0,728,0
2023-12-30,3791323.0,1045143.0,2746180.0,729,1
2023-12-31,3006886.0,844494.0,2162392.0,730,1
2024-01-01,2166310.0,614003.0,1552307.0,731,1
2024-01-02,5149590.0,2501461.0,2648129.0,732,0
2024-01-03,5352972.0,2563543.0,2789429.0,733,0
2024-01-04,5447898.0,2551191.0,2896707.0,734,0
2024-01-05,5621110.0,2537079.0,3084031.0,735,0
2024-01-07,2752078.0,801363.0,1950715.0,737,1
2024-01-08,5196846.0,2517081.0,2679765.0,738,0
2024-01-09,5442545.0,2587369.0,2855176.0,739,0
2024-01-10,5521423.0,2581068.0,2940355.0,740,0
2024-01-11,5511058.0,2539025.0,2972033.0,741,0
2024-01-12,5698960.0,2525065.0,3173895.0,742,0
2024-01-13,4012047.0,1134024.0,2878023.0,743,1
2024-01-14,2661360.0,779096.0,1882264.0,744,1
2024-01-15,5269212.0,2531834.0,2737378.0,745,0
2024-01-16,5426199.0,2560269.0,2865930.0,746,0
2024-01-17,5498357.0,2550807.0,2947550.0,747,0
2024-01-18,5531528.0,2551288.0,2980240.0,748,0
2024-01-19,5714722.0,2516061.0,3198661.0,749,0
2024-01-20,3977595.0,1119472.0,2858123.0,750,1
2024-01-21,2806613.0,806235.0,2000378.0,751,1
2024-01-22,5143787.0,2498239.0,2645548.0,752,0
2024-01-23,5037260.0,2468753.0,2568507.0,753,0
2024-01-24,5226224.0,2495289.0,2730935.0,754,0
2024-01-25,5403479.0,2530386.0,2873093.0,755,0
2024-01-26,5640895.0,2492583.0,3148312.0,756,0
2024-01-27,3969878.0,1122151.0,2847727.0,757,1
2024-01-28,2843625.0,828008.0,2015617.0,758,1
2024-01-29,5301856.0,2522422.0,2779434.0,759,0
2024-01-30,5454636.0,2568550.0,2886086.0,760,0
2024-01-31,5490081.0,2553743.0,2936338.0,761,0
2024-02-01,5513138.0,2569851.0,2943287.0,762,0
2024-02-02,5692495.0,2555944.0,3136551.0,763,0
2024-02-03,3862895.0,1104920.0,2757975.0,764,1
2024-02-04,2887371.0,840537.0,2046834.0,765,1
2024-02-05,5337460.0,2572877.0,2764583.0,766,0
2024-02-06,5514229.0,2596138.0,2918091.0,767,0
2024-02-07,5498874.0,2544352.0,2954522.0,768,0
2024-02-08,5242076.0,2077675.0,3164401.0,769,0
2024-02-09,2159052.0,613160.0,1545892.0,770,1
2024-02-10,1723511.0,491341.0,1232170.0,771,1
2024-02-11,2355553.0,645244.0,1710309.0,772,1
2024-02-12,2558123.0,746449.0,1811674.0,773,1
2024-02-13,5160952.0,2445058.0,2715894.0,774,0
2024-02-14,5606540.0,2620873.0,2985667.0,775,0
2024-02-15,5486831.0,2579049.0,2907782.0,776,0
2024-02-16,5879311.0,2608096.0,3271215.0,777,0
2024-02-17,4277968.0,1229449.0,3048519.0,778,1
2024-02-18,2982631.0,854307.0,2128324.0,779,1
2024-02-19,5297344.0,2527450.0,2769894.0,780,0
2024-02-20,5605714.0,2614848.0,2990866.0,781,0
2024-02-21,5506569.0,2589058.0,2917511.0,782,0
2024-02-22,5725006.0,2648708.0,3076298.0,783,0
2024-02-23,5903240.0,2580303.0,3322937.0,784,0
2024-02-24,4305281.0,1245479.0,3059802.0,785,1
2024-02-25,3095272.0,909870.0,2185402.0,786,1
2024-02-26,5510075.0,2571441.0,2938634.0,787,0
2024-02-27,5637482.0,2603652.0,3033830.0,788,0
2024-02-28,5703729.0,2588090.0,3115639.0,789,0
2024-02-29,5785553.0,2570452.0,3215101.0,790,0
2024-03-01,3561222.0,1017520.0,2543702.0,791,1
2024-03-02,3649989.0,1045014.0,2604975.0,792,1
2024-03-03,2894489.0,843564.0,2050925.0,793,1
2024-03-04,5485836.0,2602548.0,2883288.0,794,0
2024-03-05,5645103.0,2684958.0,2960145.0,795,0
2024-03-06,5757522.0,2695903.0,3061619.0,796,0
2024-03-07,5819386.0,2697921.0,3121465.0,797,0
2024-03-08,6002711.0,2670297.0,3332414.0,798,0
2024-03-09,4270459.0,1233588.0,3036871.0,799,1
2024-03-10,3144034.0,928614.0,2215420.0,800,1
2024-03-11,5598707.0,2677064.0,2921643.0,801,0
2024-03-12,5699682.0,2702456.0,2997226.0,802,0
2024-03-13,5848735.0,2721257.0,3127478.0,803,0
2024-03-14,5908270.0,2727802.0,3180468.0,804,0
2024-03-15,6058799.0,2672095.0,3386704.0,805,0
2024-03-16,4480485.0,1301523.0,3178962.0,806,1
2024-03-17,3263520.0,965519.0,2298001.0,807,1
2024-03-18,5669906.0,2682202.0,2987704.0,808,0
2024-03-19,5752141.0,2719856.0,3032285.0,809,0
2024-03-20,5825060.0,2690872.0,3134188.0,810,0
2024-03-21,5963857.0,2731960.0,3231897.0,811,0
2024-03-22,5995146.0,2626204.0,3368942.0,812,0
2024-03-23,4425346.0,1283378.0,3141968.0,813,1
2024-03-24,3267010.0,966326.0,2300684.0,814,1
2024-03-25,5619572.0,2682233.0,2937339.0,815,0
2024-03-26,5784848.0,2728111.0,3056737.0,816,0
2024-03-27,5960822.0,2732290.0,3228532.0,817,0
2024-03-29,6035200.0,2656000.0,3379200.0,819,0
2024-03-30,4448333.0,1292186.0,3156147.0,820,1
2024-03-31,3311800.0,971912.0,2339888.0,821,1
2024-04-01,5721624.0,2714998.0,3006626.0,822,0
2024-04-02,5922168.0,2775501.0,3146667.0,823,0
2024-04-03,5838111.0,2721127.0,3116984.0,824,0
2024-04-04,6029770.0,2756365.0,3273405.0,825,0
2024-04-05,6197309.0,2700110.0,3497199.0,826,0
2024-04-06,4688699.0,1367925.0,3320774.0,827,1
2024-04-07,3464232.0,1024502.0,2439730.0,828,1
2024-04-08,5691163.0,2688489.0,3002674.0,829,0
2024-04-09,6079460.0,2780549.0,3298911.0,830,0
2024-04-10,3476094.0,1034085.0,2442009.0,831,1
2024-04-11,5760308.0,2666519.0,3093789.0,832,0
2024-04-12,6020892.0,2643150.0,3377742.0,833,0
2024-04-13,4394934.0,1286832.0,3108102.0,834,1
2024-04-14,3150444.0,944061.0,2206383.0,835,1
2024-04-15,5423672.0,2622501.0,2801171.0,836,0
2024-04-16,5786337.0,2734916.0,3051421.0,837,0
2024-04-17,5855710.0,2711301.0,3144409.0,838,0
2024-04-18,5862162.0,2699882.0,3162280.0,839,0
2024-04-19,5999299.0,2617690.0,3381609.0,840,0
2024-04-20,3998456.0,1175622.0,2822834.0,841,1
2024-04-21,2999453.0,894258.0,2105195.0,842,1
2024-04-22,5569434.0,2641251.0,2928183.0,843,0
2024-04-23,5746808.0,2691334.0,3055474.0,844,0
2024-04-24,5700147.0,2654683.0,3045464.0,845,0
2024-04-25,5902685.0,2697121.0,3205564.0,846,0
2024-04-26,6128776.0,2640321.0,3488455.0,847,0
2024-04-27,4602311.0,1341579.0,3260732.0,848,1
2024-04-28,3378785.0,988024.0,2390761.0,849,1
2024-04-29,5748020.0,2688920.0,3059100.0,850,0
2024-04-30,6050110.0,2755358.0,3294752.0,851,0
2024-05-01,4209058.0,1376804.0,2832254.0,852,0
2024-05-02,6005022.0,2743141.0,3261881.0,853,0
2024-05-03,6231846.0,2693030.0,3538816.0,854,0
2024-05-04,4449316.0,1290800.0,3158516.0,855,1
2024-05-05,2764175.0,826903.0,1937272.0,856,1
2024-05-06,2845083.0,848279.0,1996804.0,857,0
2024-05-07,5695532.0,2711240.0,2984292.0,858,0
2024-05-08,5867568.0,2759898.0,3107670.0,859,0
2024-05-09,5972569.0,2747000.0,3225569.0,860,0
2024-05-10,6232284.0,2730168.0,3502116.0,861,0
2024-05-11,4237818.0,1227879.0,3009939.0,862,1
2024-05-12,3384006.0,1008752.0,2375254.0,863,1
2024-05-13,5748057.0,2694524.0,3053533.0,864,0
2024-05-14,6134068.0,2777251.0,3356817.0,865,0
2024-05-15,3287269.0,978551.0,2308718.0,866,1
2024-05-16,5933186.0,2708952.0,3224234.0,867,0
2024-05-17,6116833.0,2658434.0,3458399.0,868,0
2024-05-18,4562660.0,1344556.0,3218104.0,869,1
2024-05-19,3337824.0,1000090.0,2337734.0,870,1
2024-05-20,5636005.0,2652107.0,2983898.0,871,0
2024-05-21,5881302.0,2733336.0,3147966.0,872,0
2024-05-22,5916526.0,2708830.0,3207696.0,873,0
2024-05-23,5952290.0,2708816.0,3243474.0,874,0
2024-05-24,6103419.0,2639489.0,3463930.0,875,0
2024-05-25,4664758.0,1340396.0,3324362.0,876,1
2024-05-26,3113037.0,906092.0,2206945.0,877,1
2024-05-27,5693255.0,2664642.0,3028613.0,878,0
2024-05-30,5857553.0,2670838.0,3186715.0,881,0
2024-05-31,6054413.0,2634995.0,3419418.0,882,0
2024-06-01,4461116.0,1304759.0,3156357.0,883,1
2024-06-02,3141402.0,927677.0,2213725.0,884,1
2024-06-03,5624104.0,2670424.0,2953680.0,885,0
2024-06-04,5803989.0,2714191.0,3089798.0,886,0
2024-06-05,5993030.0,2719393.0,3273637.0,887,0
2024-06-07,5482215.0,2291393.0,3190822.0,889,0
2024-06-08,3776601.0,1123507.0,2653094.0,890,1
2024-06-09,3031544.0,913408.0,2118136.0,891,1
2024-06-10,5562374.0,2629813.0,2932561.0,892,0
2024-06-11,5775695.0,2688233.0,3087462.0,893,0
2024-06-12,5781278.0,2664906.0,3116372.0,894,0
2024-06-13,5854634.0,2672767.0,3181867.0,895,0
2024-06-14,5968522.0,2607333.0,3361189.0,896,0
2024-06-15,4148317.0,1211528.0,2936789.0,897,1
2024-06-16,3074822.0,913294.0,2161528.0,898,1
2024-06-17,5557554.0,2603052.0,2954502.0,899,0
2024-06-18,5708555.0,2647684.0,3060871.0,900,0
2024-06-19,5729559.0,2635829.0,3093730.0,901,0
2024-06-20,5781815.0,2638171.0,3143644.0,902,0
2024-06-21,5932064.0,2581380.0,3350684.0,903,0
2024-06-22,4004442.0,1180936.0,2823506.0,904,1
2024-06-23,3042715.0,910468.0,2132247.0,905,1
2024-06-24,5512171.0,2587285.0,2924886.0,906,0
2024-06-25,5729796.0,2645648.0,3084148.0,907,0
2024-06-26,5792096.0,2632224.0,3159872.0,908,0
2024-06-27,5786522.0,2619229.0,3167293.0,909,0
2024-06-28,5968314.0,2587861.0,3380453.0,910,0
2024-06-29,4104417.0,1215456.0,2888961.0,911,1
2024-06-30,2719659.0,816426.0,1903233.0,912,1
2024-07-01,5472362.0,2606987.0,2865375.0,913,0
2024-07-02,2719676.0,816430.0,1903246.0,914,0
2024-07-03,5660968.0,2626522.0,3034446.0,915,0
2024-07-04,5716066.0,2626197.0,3089869.0,916,0
2024-07-05,5850064.0,2591737.0,3258327.0,917,0
2024-07-06,3899250.0,1124022.0,2775228.0,918,1
2024-07-07,2964270.0,882310.0,2081960.0,919,1
2024-07-08,5245847.0,2545392.0,2700455.0,920,0
2024-07-09,5549093.0,2618532.0,2930561.0,921,0
2024-07-10,5669195.0,2611643.0,3057552.0,922,0
2024-07-11,5707733.0,2612001.0,3095732.0,923,0
2024-07-12,5881859.0,2563681.0,3318178.0,924,0
2024-07-13,4203101.0,1224280.0,2978821.0,925,1
2024-07-14,3069767.0,934730.0,2135037.0,926,1
2024-07-15,5469886.0,2592888.0,2876998.0,927,0
2024-07-16,5537305.0,2613286.0,2924019.0,928,0
2024-07-17,5350237.0,2514067.0,2836170.0,929,0
2024-07-18,5243757.0,2502937.0,2740820.0,930,0
2024-07-19,5873441.0,2567878.0,3305563.0,931,0
2024-07-20,3855254.0,1151793.0,2703461.0,932,1
2024-07-21,2869580.0,856006.0,2013574.0,933,1
2024-07-22,5263021.0,2524990.0,2738031.0,934,0
2024-07-23,5443577.0,2556530.0,2887047.0,935,0
2024-07-24,5600133.0,2578606.0,3021527.0,936,0
2024-07-25,5642659.0,2570039.0,3072620.0,937,0
2024-07-26,5619022.0,2457535.0,3161487.0,938,0
2024-07-27,3721495.0,1089553.0,2631942.0,939,1
2024-07-28,2852129.0,862884.0,1989245.0,940,1
2024-07-29,5160525.0,2413364.0,2747161.0,941,0
2024-07-30,5385583.0,2472620.0,2912963.0,942,0
2024-07-31,5453840.0,2446384.0,3007456.0,943,0
2024-08-01,5272442.0,2391104.0,2881338.0,944,0
2024-08-03,3612255.0,1048919.0,2563336.0,946,1
2024-08-04,2651942.0,824354.0,1827588.0,947,1
2024-08-05,4984036.0,2380030.0,2604006.0,948,0
2024-08-06,5182314.0,2447954.0,2734360.0,949,0
2024-08-07,5243892.0,2455299.0,2788593.0,950,0
2024-08-08,5317139.0,2463969.0,2853170.0,951,0
2024-08-09,5433795.0,2418025.0,3015770.0,952,0
2024-08-10,3746955.0,1111378.0,2635577.0,953,1
2024-08-11,2773688.0,836173.0,1937515.0,954,1
2024-08-12,5229840.0,2477949.0,2751891.0,955,0
2024-08-13,5392622.0,2527450.0,2865172.0,956,0
2024-08-14,5520763.0,2481146.0,3039617.0,957,0
2024-08-15,3072790.0,906463.0,2166327.0,958,1
2024-08-16,4986030.0,2097150.0,2888880.0,959,0
2024-08-17,3544438.0,1053311.0,2491127.0,960,1
2024-08-18,2710593.0,832786.0,1877807.0,961,1
2024-08-19,5175965.0,2473247.0,2702718.0,962,0
2024-08-20,5175965.0,2473247.0,2702718.0,963,0
2024-08-21,5224946.0,2484018.0,2740928.0,964,0
2024-08-22,5386373.0,2521940.0,2864433.0,965,0
2024-08-23,5699221.0,2511509.0,3187712.0,966,0
2024-08-24,3975597.0,1149339.0,2826258.0,967,1
2024-08-25,2916018.0,869463.0,2046555.0,968,1
2024-08-26,5322498.0,2520488.0,2802010.0,969,0
2024-08-27,5502674.0,2577285.0,2925389.0,970,0
2024-08-28,5588790.0,2579267.0,3009523.0,971,0
2024-08-29,5577741.0,2568210.0,3009531.0,972,0
2024-08-30,5748172.0,2540313.0,3207859.0,973,0
2024-08-31,4050877.0,1173059.0,2877818.0,974,1
2024-09-01,2976509.0,905970.0,2070539.0,975,1
2024-09-02,5495147.0,2634193.0,2860954.0,976,0
2024-09-03,5704466.0,2693629.0,3010837.0,977,0
2024-09-04,5777514.0,2689499.0,3088015.0,978,0
2024-09-05,5783870.0,2668548.0,3115322.0,979,0
2024-09-06,5932838.0,2621818.0,3311020.0,980,0
2024-09-07,4353836.0,1276482.0,3077354.0,981,1
2024-09-08,3090188.0,930070.0,2160118.0,982,1
2024-09-09,5611874.0,2665502.0,2946372.0,983,0
2024-09-10,5791397.0,2718680.0,3072717.0,984,0
2024-09-11,5746927.0,2668719.0,3078208.0,985,0
2024-09-12,5658750.0,2636983.0,3021767.0,986,0
2024-09-13,5741454.0,2271716.0,3469738.0,987,0
2024-09-14,3441599.0,1035652.0,2405947.0,988,1
2024-09-15,2629850.0,798039.0,1831811.0,989,1
2024-09-16,2115069.0,621790.0,1493279.0,990,1
2024-09-17,1883438.0,539423.0,1344015.0,991,1
2024-09-18,2370817.0,701785.0,1669032.0,992,1
2024-09-19,5183013.0,2427019.0,2755994.0,993,0
2024-09-20,5447123.0,2460482.0,2986641.0,994,0
2024-09-21,3952508.0,1134205.0,2818303.0,995,1
2024-09-22,3175700.0,924194.0,2251506.0,996,1
2024-09-23,5705354.0,2692120.0,3013234.0,997,0
2024-09-24,5851884.0,2721870.0,3130014.0,998,0
2024-09-25,5879718.0,2700623.0,3179095.0,999,0
2024-09-26,5877262.0,2691525.0,3185737.0,1000,0
2024-09-27,6121264.0,2665393.0,3455871.0,1001,0
2024-09-28,4527911.0,1331331.0,3196580.0,1002,1
2024-09-29,3233332.0,974252.0,2259080.0,1003,1
2024-09-30,5738255.0,2642391.0,3095864.0,1004,0
2024-10-01,3596544.0,1117782.0,2478762.0,1005,1
2024-10-02,5870114.0,2661652.0,3208462.0,1006,0
2024-10-03,3612699.0,1060124.0,2552575.0,1007,1
2024-10-04,5677691.0,2407752.0,3269939.0,1008,0
2024-10-05,4656639.0,1349850.0,3306789.0,1009,1
2024-10-06,3048040.0,901433.0,2146607.0,1010,1
2024-10-07,5624376.0,2650370.0,2974006.0,1011,0
2024-10-08,5936202.0,2723203.0,3212999.0,1012,0
2024-10-09,3503642.0,1049066.0,2454576.0,1013,1
2024-10-10,5798542.0,2682560.0,3115982.0,1014,0
2024-10-11,6074669.0,2665527.0,3409142.0,1015,0
2024-10-12,4441273.0,1328881.0,3112392.0,1016,1
2024-10-13,3256587.0,977731.0,2278856.0,1017,1
2024-10-14,5621760.0,2634754.0,2987006.0,1018,0
2024-10-15,5729145.0,2686966.0,3042179.0,1019,0
2024-10-16,5811682.0,2675347.0,3136335.0,1020,0
2024-10-17,5848320.0,2674496.0,3173824.0,1021,0
2024-10-18,5740164.0,2561602.0,3178562.0,1022,0
2024-10-19,4369429.0,1301352.0,3068077.0,1023,1
2024-10-20,3330017.0,1003008.0,2327009.0,1024,1
2024-10-21,5601298.0,2628444.0,2972854.0,1025,0
2024-10-22,5591486.0,2651882.0,2939604.0,1026,0
2024-10-23,5810453.0,2674003.0,3136450.0,1027,0
2024-10-24,5857575.0,2675879.0,3181696.0,1028,0
2024-10-25,6077760.0,2618610.0,3459150.0,1029,0
2024-10-26,4561254.0,1356948.0,3204306.0,1030,1
2024-10-27,3490702.0,979266.0,2511436.0,1031,1
2024-10-28,5645227.0,2635818.0,3009409.0,1032,0
2024-10-29,5796770.0,2691367.0,3105403.0,1033,0
2024-10-30,5873424.0,2692693.0,3180731.0,1034,0
